date,fng_value,fng_classification
10-08-2026,30.0,Fear
09-08-2026,31.0,Fear
08-08-2026,30.0,Fear
07-08-2026,29.0,Fear
06-08-2026,25.0,Extreme Fear
05-08-2026,27.0,Fear
04-08-2026,25.0,Extreme Fear
03-08-2026,28.0,Fear
02-08-2026,27.0,Fear
01-08-2026,27.0,Fear
31-07-2026,25.0,Extreme Fear
30-07-2026,28.0,Fear
29-07-2026,29.0,Fear
28-07-2026,29.0,Fear
27-07-2026,30.0,Fear
26-07-2026,26.0,Fear
25-07-2026,27.0,Fear
24-07-2026,28.0,Fear
23-07-2026,31.0,Fear
22-07-2026,33.0,Fear
21-07-2026,25.0,Extreme Fear
20-07-2026,29.0,Fear
19-07-2026,28.0,Fear
18-07-2026,25.0,Extreme Fear
17-07-2026,27.0,Fear
16-07-2026,25.0,Extreme Fear
15-07-2026,25.0,Extreme Fear
14-07-2026,22.0,Extreme Fear
13-07-2026,28.0,Fear
12-07-2026,26.0,Fear
11-07-2026,26.0,Fear
10-07-2026,23.0,Extreme Fear
09-07-2026,22.0,Extreme Fear
08-07-2026,20.0,Extreme Fear
07-07-2026,27.0,Fear
06-07-2026,24.0,Extreme Fear
05-07-2026,23.0,Extreme Fear
04-07-2026,22.0,Extreme Fear
03-07-2026,21.0,Extreme Fear
02-07-2026,19.0,Extreme Fear
01-07-2026,11.0,Extreme Fear
30-06-2026,15.0,Extreme Fear
29-06-2026,12.0,Extreme Fear
28-06-2026,18.0,Extreme Fear
27-06-2026,15.0,Extreme Fear
26-06-2026,13.0,Extreme Fear
25-06-2026,12.0,Extreme Fear
24-06-2026,17.0,Extreme Fear
23-06-2026,23.0,Extreme Fear
22-06-2026,20.0,Extreme Fear
21-06-2026,23.0,Extreme Fear
20-06-2026,23.0,Extreme Fear
19-06-2026,14.0,Extreme Fear
18-06-2026,15.0,Extreme Fear
17-06-2026,22.0,Extreme Fear
16-06-2026,23.0,Extreme Fear
15-06-2026,20.0,Extreme Fear
14-06-2026,18.0,Extreme Fear
13-06-2026,13.0,Extreme Fear
12-06-2026,12.0,Extreme Fear
11-06-2026,12.0,Extreme Fear
10-06-2026,9.0,Extreme Fear
09-06-2026,10.0,Extreme Fear
08-06-2026,8.0,Extreme Fear
07-06-2026,12.0,Extreme Fear
06-06-2026,12.0,Extreme Fear
05-06-2026,12.0,Extreme Fear
04-06-2026,12.0,Extreme Fear
03-06-2026,11.0,Extreme Fear
02-06-2026,23.0,Extreme Fear
01-06-2026,29.0,Fear
31-05-2026,28.0,Fear
30-05-2026,23.0,Extreme Fear
29-05-2026,23.0,Extreme Fear
28-05-2026,22.0,Extreme Fear
27-05-2026,25.0,Extreme Fear
26-05-2026,34.0,Fear
25-05-2026,30.0,Fear
24-05-2026,25.0,Extreme Fear
23-05-2026,28.0,Fear
22-05-2026,28.0,Fear
21-05-2026,29.0,Fear
20-05-2026,27.0,Fear
19-05-2026,25.0,Extreme Fear
18-05-2026,28.0,Fear
17-05-2026,27.0,Fear
16-05-2026,31.0,Fear
15-05-2026,43.0,Fear
14-05-2026,34.0,Fear
13-05-2026,42.0,Fear
12-05-2026,49.0,Neutral
11-05-2026,48.0,Neutral
10-05-2026,47.0,Neutral
09-05-2026,38.0,Fear
08-05-2026,38.0,Fear
07-05-2026,47.0,Neutral
06-05-2026,46.0,Fear
05-05-2026,50.0,Neutral
04-05-2026,40.0,Fear
03-05-2026,47.0,Neutral
02-05-2026,39.0,Fear
01-05-2026,26.0,Fear
30-04-2026,29.0,Fear
29-04-2026,26.0,Fear
28-04-2026,33.0,Fear
27-04-2026,47.0,Neutral
26-04-2026,33.0,Fear
25-04-2026,31.0,Fear
24-04-2026,39.0,Fear
23-04-2026,46.0,Fear
22-04-2026,32.0,Fear
21-04-2026,33.0,Fear
20-04-2026,29.0,Fear
19-04-2026,27.0,Fear
18-04-2026,26.0,Fear
17-04-2026,21.0,Extreme Fear
16-04-2026,23.0,Extreme Fear
15-04-2026,23.0,Extreme Fear
14-04-2026,21.0,Extreme Fear
13-04-2026,12.0,Extreme Fear
12-04-2026,16.0,Extreme Fear
11-04-2026,15.0,Extreme Fear
10-04-2026,16.0,Extreme Fear
09-04-2026,14.0,Extreme Fear
08-04-2026,17.0,Extreme Fear
07-04-2026,11.0,Extreme Fear
06-04-2026,13.0,Extreme Fear
05-04-2026,12.0,Extreme Fear
04-04-2026,11.0,Extreme Fear
03-04-2026,9.0,Extreme Fear
02-04-2026,12.0,Extreme Fear
01-04-2026,8.0,Extreme Fear
31-03-2026,11.0,Extreme Fear
30-03-2026,8.0,Extreme Fear
29-03-2026,9.0,Extreme Fear
28-03-2026,12.0,Extreme Fear
27-03-2026,13.0,Extreme Fear
26-03-2026,10.0,Extreme Fear
25-03-2026,14.0,Extreme Fear
24-03-2026,11.0,Extreme Fear
23-03-2026,8.0,Extreme Fear
22-03-2026,10.0,Extreme Fear
21-03-2026,12.0,Extreme Fear
20-03-2026,11.0,Extreme Fear
19-03-2026,23.0,Extreme Fear
18-03-2026,26.0,Fear
17-03-2026,28.0,Fear
16-03-2026,23.0,Extreme Fear
15-03-2026,15.0,Extreme Fear
14-03-2026,16.0,Extreme Fear
13-03-2026,15.0,Extreme Fear
12-03-2026,18.0,Extreme Fear
11-03-2026,15.0,Extreme Fear
10-03-2026,13.0,Extreme Fear
09-03-2026,8.0,Extreme Fear
08-03-2026,12.0,Extreme Fear
07-03-2026,12.0,Extreme Fear
06-03-2026,18.0,Extreme Fear
05-03-2026,22.0,Extreme Fear
04-03-2026,10.0,Extreme Fear
03-03-2026,14.0,Extreme Fear
02-03-2026,10.0,Extreme Fear
01-03-2026,14.0,Extreme Fear
28-02-2026,11.0,Extreme Fear
27-02-2026,13.0,Extreme Fear
26-02-2026,11.0,Extreme Fear
25-02-2026,11.0,Extreme Fear
24-02-2026,8.0,Extreme Fear
23-02-2026,5.0,Extreme Fear
22-02-2026,9.0,Extreme Fear
21-02-2026,8.0,Extreme Fear
20-02-2026,7.0,Extreme Fear
19-02-2026,9.0,Extreme Fear
18-02-2026,8.0,Extreme Fear
17-02-2026,10.0,Extreme Fear
16-02-2026,12.0,Extreme Fear
15-02-2026,8.0,Extreme Fear
14-02-2026,9.0,Extreme Fear
13-02-2026,9.0,Extreme Fear
12-02-2026,5.0,Extreme Fear
11-02-2026,11.0,Extreme Fear
10-02-2026,9.0,Extreme Fear
09-02-2026,14.0,Extreme Fear
08-02-2026,7.0,Extreme Fear
07-02-2026,6.0,Extreme Fear
06-02-2026,9.0,Extreme Fear
05-02-2026,12.0,Extreme Fear
04-02-2026,14.0,Extreme Fear
03-02-2026,17.0,Extreme Fear
02-02-2026,14.0,Extreme Fear
01-02-2026,14.0,Extreme Fear
31-01-2026,20.0,Extreme Fear
30-01-2026,16.0,Extreme Fear
29-01-2026,26.0,Fear
28-01-2026,29.0,Fear
27-01-2026,29.0,Fear
26-01-2026,20.0,Extreme Fear
25-01-2026,25.0,Extreme Fear
24-01-2026,25.0,Extreme Fear
23-01-2026,24.0,Extreme Fear
22-01-2026,20.0,Extreme Fear
21-01-2026,24.0,Extreme Fear
20-01-2026,32.0,Fear
19-01-2026,44.0,Fear
18-01-2026,49.0,Neutral
17-01-2026,50.0,Neutral
16-01-2026,49.0,Neutral
15-01-2026,61.0,Greed
14-01-2026,48.0,Neutral
13-01-2026,26.0,Fear
12-01-2026,27.0,Fear
11-01-2026,29.0,Fear
10-01-2026,25.0,Extreme Fear
09-01-2026,27.0,Fear
08-01-2026,28.0,Fear
07-01-2026,42.0,Fear
06-01-2026,44.0,Fear
05-01-2026,26.0,Fear
04-01-2026,25.0,Extreme Fear
03-01-2026,29.0,Fear
02-01-2026,28.0,Fear
01-01-2026,20.0,Extreme Fear
31-12-2025,21.0,Extreme Fear
30-12-2025,23.0,Extreme Fear
29-12-2025,24.0,Extreme Fear
28-12-2025,24.0,Extreme Fear
27-12-2025,23.0,Extreme Fear
26-12-2025,20.0,Extreme Fear
25-12-2025,23.0,Extreme Fear
24-12-2025,24.0,Extreme Fear
23-12-2025,24.0,Extreme Fear
22-12-2025,25.0,Extreme Fear
21-12-2025,20.0,Extreme Fear
20-12-2025,20.0,Extreme Fear
19-12-2025,16.0,Extreme Fear
18-12-2025,17.0,Extreme Fear
17-12-2025,16.0,Extreme Fear
16-12-2025,11.0,Extreme Fear
15-12-2025,16.0,Extreme Fear
14-12-2025,21.0,Extreme Fear
13-12-2025,23.0,Extreme Fear
12-12-2025,29.0,Fear
11-12-2025,29.0,Fear
10-12-2025,26.0,Fear
09-12-2025,22.0,Extreme Fear
08-12-2025,20.0,Extreme Fear
07-12-2025,20.0,Extreme Fear
06-12-2025,23.0,Extreme Fear
05-12-2025,28.0,Fear
04-12-2025,26.0,Fear
03-12-2025,28.0,Fear
02-12-2025,23.0,Extreme Fear
01-12-2025,24.0,Extreme Fear
30-11-2025,28.0,Fear
29-11-2025,28.0,Fear
28-11-2025,25.0,Extreme Fear
27-11-2025,22.0,Extreme Fear
26-11-2025,15.0,Extreme Fear
25-11-2025,20.0,Extreme Fear
24-11-2025,19.0,Extreme Fear
23-11-2025,13.0,Extreme Fear
22-11-2025,11.0,Extreme Fear
21-11-2025,14.0,Extreme Fear
20-11-2025,11.0,Extreme Fear
19-11-2025,15.0,Extreme Fear
18-11-2025,11.0,Extreme Fear
17-11-2025,14.0,Extreme Fear
16-11-2025,10.0,Extreme Fear
15-11-2025,10.0,Extreme Fear
14-11-2025,16.0,Extreme Fear
13-11-2025,15.0,Extreme Fear
12-11-2025,24.0,Extreme Fear
11-11-2025,26.0,Fear
10-11-2025,29.0,Fear
09-11-2025,22.0,Extreme Fear
08-11-2025,20.0,Extreme Fear
07-11-2025,24.0,Extreme Fear
06-11-2025,27.0,Fear
05-11-2025,23.0,Extreme Fear
04-11-2025,21.0,Extreme Fear
03-11-2025,42.0,Fear
02-11-2025,37.0,Fear
01-11-2025,33.0,Fear
31-10-2025,29.0,Fear
30-10-2025,34.0,Fear
29-10-2025,51.0,Neutral
28-10-2025,50.0,Neutral
27-10-2025,51.0,Neutral
26-10-2025,40.0,Fear
25-10-2025,37.0,Fear
24-10-2025,30.0,Fear
23-10-2025,27.0,Fear
22-10-2025,25.0,Extreme Fear
21-10-2025,34.0,Fear
20-10-2025,29.0,Fear
19-10-2025,29.0,Fear
18-10-2025,23.0,Extreme Fear
17-10-2025,22.0,Extreme Fear
16-10-2025,28.0,Fear
15-10-2025,34.0,Fear
14-10-2025,38.0,Fear
13-10-2025,38.0,Fear
12-10-2025,24.0,Extreme Fear
11-10-2025,27.0,Fear
10-10-2025,64.0,Greed
09-10-2025,70.0,Greed
08-10-2025,60.0,Greed
07-10-2025,70.0,Greed
06-10-2025,71.0,Greed
05-10-2025,74.0,Greed
04-10-2025,71.0,Greed
03-10-2025,63.0,Greed
02-10-2025,64.0,Greed
01-10-2025,49.0,Neutral
30-09-2025,50.0,Neutral
29-09-2025,50.0,Neutral
28-09-2025,37.0,Fear
27-09-2025,33.0,Fear
26-09-2025,28.0,Fear
25-09-2025,44.0,Fear
24-09-2025,44.0,Fear
23-09-2025,43.0,Fear
22-09-2025,45.0,Fear
21-09-2025,49.0,Neutral
20-09-2025,48.0,Neutral
19-09-2025,53.0,Neutral
18-09-2025,52.0,Neutral
17-09-2025,53.0,Neutral
16-09-2025,52.0,Neutral
15-09-2025,53.0,Neutral
14-09-2025,55.0,Greed
13-09-2025,52.0,Neutral
12-09-2025,57.0,Greed
11-09-2025,54.0,Neutral
10-09-2025,49.0,Neutral
09-09-2025,48.0,Neutral
08-09-2025,51.0,Neutral
07-09-2025,44.0,Fear
06-09-2025,48.0,Neutral
05-09-2025,48.0,Neutral
04-09-2025,51.0,Neutral
03-09-2025,55.0,Greed
02-09-2025,49.0,Neutral
01-09-2025,46.0,Fear
31-08-2025,48.0,Neutral
30-08-2025,39.0,Fear
29-08-2025,50.0,Neutral
28-08-2025,48.0,Neutral
27-08-2025,51.0,Neutral
26-08-2025,48.0,Neutral
25-08-2025,47.0,Neutral
24-08-2025,53.0,Neutral
23-08-2025,60.0,Greed
22-08-2025,50.0,Neutral
21-08-2025,50.0,Neutral
20-08-2025,44.0,Fear
19-08-2025,56.0,Greed
18-08-2025,60.0,Greed
17-08-2025,64.0,Greed
16-08-2025,56.0,Greed
15-08-2025,60.0,Greed
14-08-2025,75.0,Greed
13-08-2025,73.0,Greed
12-08-2025,68.0,Greed
11-08-2025,70.0,Greed
10-08-2025,69.0,Greed
09-08-2025,67.0,Greed
08-08-2025,74.0,Greed
07-08-2025,62.0,Greed
06-08-2025,54.0,Neutral
05-08-2025,60.0,Greed
04-08-2025,64.0,Greed
03-08-2025,53.0,Neutral
02-08-2025,55.0,Greed
01-08-2025,65.0,Greed
31-07-2025,72.0,Greed
30-07-2025,74.0,Greed
29-07-2025,73.0,Greed
28-07-2025,75.0,Greed
27-07-2025,73.0,Greed
26-07-2025,72.0,Greed
25-07-2025,70.0,Greed
24-07-2025,71.0,Greed
23-07-2025,74.0,Greed
22-07-2025,72.0,Greed
21-07-2025,71.0,Greed
20-07-2025,72.0,Greed
19-07-2025,74.0,Greed
18-07-2025,73.0,Greed
17-07-2025,74.0,Greed
16-07-2025,70.0,Greed
15-07-2025,73.0,Greed
14-07-2025,74.0,Greed
13-07-2025,74.0,Greed
12-07-2025,79.0,Extreme Greed
11-07-2025,71.0,Greed
10-07-2025,71.0,Greed
09-07-2025,66.0,Greed
08-07-2025,65.0,Greed
07-07-2025,73.0,Greed
06-07-2025,66.0,Greed
05-07-2025,67.0,Greed
04-07-2025,73.0,Greed
03-07-2025,73.0,Greed
02-07-2025,63.0,Greed
01-07-2025,64.0,Greed
30-06-2025,66.0,Greed
29-06-2025,68.0,Greed
28-06-2025,65.0,Greed
27-06-2025,65.0,Greed
26-06-2025,74.0,Greed
25-06-2025,66.0,Greed
24-06-2025,65.0,Greed
23-06-2025,47.0,Neutral
22-06-2025,42.0,Fear
21-06-2025,49.0,Neutral
20-06-2025,54.0,Neutral
19-06-2025,57.0,Greed
18-06-2025,52.0,Neutral
17-06-2025,68.0,Greed
16-06-2025,61.0,Greed
15-06-2025,60.0,Greed
14-06-2025,63.0,Greed
13-06-2025,61.0,Greed
12-06-2025,71.0,Greed
11-06-2025,72.0,Greed
10-06-2025,71.0,Greed
09-06-2025,62.0,Greed
08-06-2025,62.0,Greed
07-06-2025,52.0,Neutral
06-06-2025,45.0,Fear
05-06-2025,57.0,Greed
04-06-2025,62.0,Greed
03-06-2025,64.0,Greed
02-06-2025,64.0,Greed
01-06-2025,56.0,Greed
31-05-2025,50.0,Neutral
30-05-2025,60.0,Greed
29-05-2025,74.0,Greed
28-05-2025,71.0,Greed
27-05-2025,74.0,Greed
26-05-2025,73.0,Greed
25-05-2025,74.0,Greed
24-05-2025,66.0,Greed
23-05-2025,78.0,Extreme Greed
22-05-2025,72.0,Greed
21-05-2025,70.0,Greed
20-05-2025,71.0,Greed
19-05-2025,74.0,Greed
18-05-2025,74.0,Greed
17-05-2025,74.0,Greed
16-05-2025,71.0,Greed
15-05-2025,70.0,Greed
14-05-2025,73.0,Greed
13-05-2025,70.0,Greed
12-05-2025,70.0,Greed
11-05-2025,70.0,Greed
10-05-2025,70.0,Greed
09-05-2025,73.0,Greed
08-05-2025,65.0,Greed
07-05-2025,67.0,Greed
06-05-2025,59.0,Greed
05-05-2025,52.0,Neutral
04-05-2025,64.0,Greed
03-05-2025,65.0,Greed
02-05-2025,67.0,Greed
01-05-2025,53.0,Neutral
30-04-2025,56.0,Greed
29-04-2025,60.0,Greed
28-04-2025,54.0,Neutral
27-04-2025,61.0,Greed
26-04-2025,65.0,Greed
25-04-2025,60.0,Greed
24-04-2025,63.0,Greed
23-04-2025,72.0,Greed
22-04-2025,47.0,Neutral
21-04-2025,39.0,Fear
20-04-2025,37.0,Fear
19-04-2025,32.0,Fear
18-04-2025,33.0,Fear
17-04-2025,30.0,Fear
16-04-2025,29.0,Fear
15-04-2025,38.0,Fear
14-04-2025,31.0,Fear
13-04-2025,45.0,Fear
12-04-2025,43.0,Fear
11-04-2025,25.0,Extreme Fear
10-04-2025,39.0,Fear
09-04-2025,18.0,Extreme Fear
08-04-2025,24.0,Extreme Fear
07-04-2025,23.0,Extreme Fear
06-04-2025,34.0,Fear
05-04-2025,30.0,Fear
04-04-2025,28.0,Fear
03-04-2025,25.0,Extreme Fear
02-04-2025,44.0,Fear
01-04-2025,34.0,Fear
31-03-2025,34.0,Fear
30-03-2025,32.0,Fear
29-03-2025,26.0,Fear
28-03-2025,44.0,Fear
27-03-2025,40.0,Fear
26-03-2025,47.0,Neutral
25-03-2025,46.0,Fear
24-03-2025,45.0,Fear
23-03-2025,30.0,Fear
22-03-2025,32.0,Fear
21-03-2025,31.0,Fear
20-03-2025,49.0,Neutral
19-03-2025,32.0,Fear
18-03-2025,34.0,Fear
17-03-2025,32.0,Fear
16-03-2025,30.0,Fear
15-03-2025,46.0,Fear
14-03-2025,27.0,Fear
13-03-2025,45.0,Fear
12-03-2025,34.0,Fear
11-03-2025,24.0,Extreme Fear
10-03-2025,20.0,Extreme Fear
09-03-2025,27.0,Fear
08-03-2025,28.0,Fear
07-03-2025,34.0,Fear
06-03-2025,25.0,Extreme Fear
05-03-2025,20.0,Extreme Fear
04-03-2025,15.0,Extreme Fear
03-03-2025,33.0,Fear
02-03-2025,26.0,Fear
01-03-2025,20.0,Extreme Fear
28-02-2025,16.0,Extreme Fear
27-02-2025,10.0,Extreme Fear
26-02-2025,21.0,Extreme Fear
25-02-2025,25.0,Extreme Fear
24-02-2025,49.0,Neutral
23-02-2025,50.0,Neutral
22-02-2025,49.0,Neutral
21-02-2025,55.0,Greed
20-02-2025,49.0,Neutral
19-02-2025,44.0,Fear
18-02-2025,47.0,Neutral
17-02-2025,51.0,Neutral
16-02-2025,54.0,Neutral
15-02-2025,50.0,Neutral
14-02-2025,48.0,Neutral
13-02-2025,50.0,Neutral
12-02-2025,46.0,Fear
11-02-2025,47.0,Neutral
10-02-2025,43.0,Fear
09-02-2025,46.0,Fear
08-02-2025,44.0,Fear
07-02-2025,44.0,Fear
06-02-2025,49.0,Neutral
05-02-2025,54.0,Neutral
04-02-2025,72.0,Greed
03-02-2025,44.0,Fear
02-02-2025,60.0,Greed
01-02-2025,68.0,Greed
31-01-2025,76.0,Extreme Greed
30-01-2025,70.0,Greed
29-01-2025,72.0,Greed
28-01-2025,72.0,Greed
27-01-2025,71.0,Greed
26-01-2025,73.0,Greed
25-01-2025,75.0,Greed
24-01-2025,75.0,Greed
23-01-2025,75.0,Greed
22-01-2025,84.0,Extreme Greed
21-01-2025,76.0,Extreme Greed
20-01-2025,76.0,Extreme Greed
19-01-2025,77.0,Extreme Greed
18-01-2025,77.0,Extreme Greed
17-01-2025,75.0,Greed
16-01-2025,75.0,Greed
15-01-2025,70.0,Greed
14-01-2025,63.0,Greed
13-01-2025,61.0,Greed
12-01-2025,62.0,Greed
11-01-2025,69.0,Greed
10-01-2025,50.0,Neutral
09-01-2025,69.0,Greed
08-01-2025,70.0,Greed
07-01-2025,78.0,Extreme Greed
06-01-2025,76.0,Extreme Greed
05-01-2025,72.0,Greed
04-01-2025,73.0,Greed
03-01-2025,74.0,Greed
02-01-2025,70.0,Greed
01-01-2025,66.0,Greed
31-12-2024,64.0,Greed
30-12-2024,65.0,Greed
29-12-2024,73.0,Greed
28-12-2024,72.0,Greed
27-12-2024,74.0,Greed
26-12-2024,79.0,Extreme Greed
25-12-2024,73.0,Greed
24-12-2024,73.0,Greed
23-12-2024,70.0,Greed
22-12-2024,73.0,Greed
21-12-2024,73.0,Greed
20-12-2024,74.0,Greed
19-12-2024,75.0,Greed
18-12-2024,81.0,Extreme Greed
17-12-2024,87.0,Extreme Greed
16-12-2024,83.0,Extreme Greed
15-12-2024,80.0,Extreme Greed
14-12-2024,83.0,Extreme Greed
13-12-2024,76.0,Extreme Greed
12-12-2024,83.0,Extreme Greed
11-12-2024,74.0,Greed
10-12-2024,78.0,Extreme Greed
09-12-2024,78.0,Extreme Greed
08-12-2024,79.0,Extreme Greed
07-12-2024,75.0,Greed
06-12-2024,72.0,Greed
05-12-2024,84.0,Extreme Greed
04-12-2024,78.0,Extreme Greed
03-12-2024,76.0,Extreme Greed
02-12-2024,80.0,Extreme Greed
01-12-2024,81.0,Extreme Greed
30-11-2024,84.0,Extreme Greed
29-11-2024,78.0,Extreme Greed
28-11-2024,77.0,Extreme Greed
27-11-2024,75.0,Greed
26-11-2024,79.0,Extreme Greed
25-11-2024,82.0,Extreme Greed
24-11-2024,80.0,Extreme Greed
23-11-2024,93.0,Extreme Greed
22-11-2024,94.0,Extreme Greed
21-11-2024,82.0,Extreme Greed
20-11-2024,83.0,Extreme Greed
19-11-2024,90.0,Extreme Greed
18-11-2024,83.0,Extreme Greed
17-11-2024,90.0,Extreme Greed
16-11-2024,86.0,Extreme Greed
15-11-2024,80.0,Extreme Greed
14-11-2024,88.0,Extreme Greed
13-11-2024,84.0,Extreme Greed
12-11-2024,80.0,Extreme Greed
11-11-2024,76.0,Extreme Greed
10-11-2024,78.0,Extreme Greed
09-11-2024,75.0,Greed
08-11-2024,75.0,Greed
07-11-2024,77.0,Extreme Greed
06-11-2024,70.0,Greed
05-11-2024,70.0,Greed
04-11-2024,70.0,Greed
03-11-2024,74.0,Greed
02-11-2024,72.0,Greed
01-11-2024,75.0,Greed
31-10-2024,77.0,Extreme Greed
30-10-2024,77.0,Extreme Greed
29-10-2024,72.0,Greed
28-10-2024,72.0,Greed
27-10-2024,74.0,Greed
25-10-2024,72.0,Greed
24-10-2024,69.0,Greed
23-10-2024,71.0,Greed
22-10-2024,70.0,Greed
21-10-2024,72.0,Greed
20-10-2024,73.0,Greed
19-10-2024,72.0,Greed
18-10-2024,73.0,Greed
17-10-2024,71.0,Greed
16-10-2024,73.0,Greed
15-10-2024,65.0,Greed
14-10-2024,48.0,Neutral
13-10-2024,50.0,Neutral
12-10-2024,49.0,Neutral
11-10-2024,32.0,Fear
10-10-2024,39.0,Fear
09-10-2024,49.0,Neutral
08-10-2024,49.0,Neutral
07-10-2024,50.0,Neutral
06-10-2024,50.0,Neutral
05-10-2024,49.0,Neutral
04-10-2024,41.0,Fear
03-10-2024,37.0,Fear
02-10-2024,42.0,Fear
01-10-2024,50.0,Neutral
30-09-2024,61.0,Greed
29-09-2024,63.0,Greed
28-09-2024,64.0,Greed
27-09-2024,61.0,Greed
26-09-2024,50.0,Neutral
25-09-2024,59.0,Greed
24-09-2024,54.0,Neutral
23-09-2024,50.0,Neutral
22-09-2024,52.0,Neutral
21-09-2024,54.0,Neutral
20-09-2024,54.0,Neutral
19-09-2024,49.0,Neutral
18-09-2024,45.0,Fear
17-09-2024,33.0,Fear
16-09-2024,39.0,Fear
15-09-2024,51.0,Neutral
14-09-2024,50.0,Neutral
13-09-2024,32.0,Fear
12-09-2024,31.0,Fear
11-09-2024,37.0,Fear
10-09-2024,33.0,Fear
09-09-2024,26.0,Fear
08-09-2024,29.0,Fear
07-09-2024,23.0,Extreme Fear
06-09-2024,22.0,Extreme Fear
05-09-2024,29.0,Fear
04-09-2024,27.0,Fear
03-09-2024,26.0,Fear
02-09-2024,26.0,Fear
01-09-2024,26.0,Fear
31-08-2024,29.0,Fear
30-08-2024,34.0,Fear
29-08-2024,29.0,Fear
28-08-2024,30.0,Fear
27-08-2024,48.0,Neutral
26-08-2024,55.0,Greed
25-08-2024,54.0,Neutral
24-08-2024,56.0,Greed
23-08-2024,34.0,Fear
22-08-2024,39.0,Fear
21-08-2024,26.0,Fear
20-08-2024,30.0,Fear
19-08-2024,28.0,Fear
18-08-2024,31.0,Fear
17-08-2024,25.0,Extreme Fear
16-08-2024,27.0,Fear
15-08-2024,29.0,Fear
14-08-2024,30.0,Fear
13-08-2024,31.0,Fear
12-08-2024,25.0,Extreme Fear
11-08-2024,39.0,Fear
10-08-2024,40.0,Fear
09-08-2024,48.0,Neutral
08-08-2024,20.0,Extreme Fear
07-08-2024,29.0,Fear
06-08-2024,17.0,Extreme Fear
05-08-2024,26.0,Fear
04-08-2024,34.0,Fear
03-08-2024,37.0,Fear
02-08-2024,57.0,Greed
01-08-2024,52.0,Neutral
31-07-2024,61.0,Greed
30-07-2024,67.0,Greed
29-07-2024,74.0,Greed
28-07-2024,71.0,Greed
27-07-2024,72.0,Greed
26-07-2024,68.0,Greed
25-07-2024,68.0,Greed
24-07-2024,69.0,Greed
23-07-2024,71.0,Greed
22-07-2024,70.0,Greed
21-07-2024,74.0,Greed
20-07-2024,74.0,Greed
19-07-2024,60.0,Greed
18-07-2024,61.0,Greed
17-07-2024,69.0,Greed
16-07-2024,65.0,Greed
15-07-2024,52.0,Neutral
14-07-2024,33.0,Fear
13-07-2024,25.0,Extreme Fear
12-07-2024,25.0,Extreme Fear
11-07-2024,29.0,Fear
10-07-2024,28.0,Fear
09-07-2024,27.0,Fear
08-07-2024,28.0,Fear
07-07-2024,29.0,Fear
06-07-2024,26.0,Fear
05-07-2024,29.0,Fear
04-07-2024,44.0,Fear
03-07-2024,50.0,Neutral
02-07-2024,51.0,Neutral
01-07-2024,53.0,Neutral
30-06-2024,47.0,Neutral
29-06-2024,30.0,Fear
28-06-2024,47.0,Neutral
27-06-2024,40.0,Fear
26-06-2024,46.0,Fear
25-06-2024,30.0,Fear
24-06-2024,51.0,Neutral
23-06-2024,55.0,Greed
22-06-2024,53.0,Neutral
21-06-2024,63.0,Greed
20-06-2024,60.0,Greed
19-06-2024,64.0,Greed
18-06-2024,74.0,Greed
17-06-2024,71.0,Greed
16-06-2024,71.0,Greed
15-06-2024,74.0,Greed
14-06-2024,74.0,Greed
13-06-2024,70.0,Greed
12-06-2024,72.0,Greed
11-06-2024,74.0,Greed
10-06-2024,72.0,Greed
09-06-2024,75.0,Greed
08-06-2024,72.0,Greed
07-06-2024,77.0,Extreme Greed
06-06-2024,78.0,Extreme Greed
05-06-2024,75.0,Greed
04-06-2024,73.0,Greed
03-06-2024,73.0,Greed
02-06-2024,73.0,Greed
01-06-2024,72.0,Greed
31-05-2024,73.0,Greed
30-05-2024,73.0,Greed
29-05-2024,72.0,Greed
28-05-2024,72.0,Greed
27-05-2024,74.0,Greed
26-05-2024,75.0,Greed
25-05-2024,76.0,Extreme Greed
24-05-2024,74.0,Greed
23-05-2024,76.0,Extreme Greed
22-05-2024,76.0,Extreme Greed
21-05-2024,76.0,Extreme Greed
20-05-2024,70.0,Greed
19-05-2024,72.0,Greed
18-05-2024,73.0,Greed
17-05-2024,74.0,Greed
16-05-2024,70.0,Greed
15-05-2024,64.0,Greed
14-05-2024,66.0,Greed
13-05-2024,57.0,Greed
12-05-2024,56.0,Greed
11-05-2024,53.0,Neutral
10-05-2024,66.0,Greed
09-05-2024,55.0,Greed
08-05-2024,64.0,Greed
07-05-2024,68.0,Greed
06-05-2024,71.0,Greed
05-05-2024,69.0,Greed
04-05-2024,67.0,Greed
03-05-2024,48.0,Neutral
02-05-2024,43.0,Fear
01-05-2024,54.0,Neutral
30-04-2024,67.0,Greed
29-04-2024,67.0,Greed
28-04-2024,65.0,Greed
27-04-2024,67.0,Greed
26-04-2024,70.0,Greed
25-04-2024,72.0,Greed
24-04-2024,72.0,Greed
23-04-2024,71.0,Greed
22-04-2024,73.0,Greed
21-04-2024,72.0,Greed
20-04-2024,66.0,Greed
19-04-2024,66.0,Greed
18-04-2024,57.0,Greed
17-04-2024,67.0,Greed
16-04-2024,65.0,Greed
15-04-2024,74.0,Greed
14-04-2024,72.0,Greed
13-04-2024,72.0,Greed
12-04-2024,79.0,Extreme Greed
11-04-2024,76.0,Extreme Greed
10-04-2024,78.0,Extreme Greed
09-04-2024,80.0,Extreme Greed
08-04-2024,76.0,Extreme Greed
07-04-2024,78.0,Extreme Greed
06-04-2024,75.0,Greed
05-04-2024,79.0,Extreme Greed
04-04-2024,70.0,Greed
03-04-2024,71.0,Greed
02-04-2024,79.0,Extreme Greed
01-04-2024,79.0,Extreme Greed
31-03-2024,75.0,Greed
30-03-2024,75.0,Greed
29-03-2024,79.0,Extreme Greed
28-03-2024,80.0,Extreme Greed
27-03-2024,83.0,Extreme Greed
26-03-2024,81.0,Extreme Greed
25-03-2024,75.0,Greed
24-03-2024,74.0,Greed
23-03-2024,73.0,Greed
22-03-2024,75.0,Greed
21-03-2024,78.0,Extreme Greed
20-03-2024,74.0,Greed
19-03-2024,79.0,Extreme Greed
18-03-2024,77.0,Extreme Greed
17-03-2024,79.0,Extreme Greed
16-03-2024,81.0,Extreme Greed
15-03-2024,83.0,Extreme Greed
14-03-2024,88.0,Extreme Greed
13-03-2024,81.0,Extreme Greed
12-03-2024,81.0,Extreme Greed
11-03-2024,82.0,Extreme Greed
10-03-2024,79.0,Extreme Greed
09-03-2024,84.0,Extreme Greed
08-03-2024,81.0,Extreme Greed
07-03-2024,82.0,Extreme Greed
06-03-2024,75.0,Greed
05-03-2024,90.0,Extreme Greed
04-03-2024,82.0,Extreme Greed
03-03-2024,83.0,Extreme Greed
02-03-2024,80.0,Extreme Greed
01-03-2024,80.0,Extreme Greed
29-02-2024,80.0,Extreme Greed
28-02-2024,82.0,Extreme Greed
27-02-2024,79.0,Extreme Greed
26-02-2024,72.0,Greed
25-02-2024,74.0,Greed
24-02-2024,72.0,Greed
23-02-2024,76.0,Extreme Greed
22-02-2024,74.0,Greed
21-02-2024,78.0,Extreme Greed
20-02-2024,72.0,Greed
19-02-2024,75.0,Greed
18-02-2024,72.0,Greed
17-02-2024,76.0,Extreme Greed
16-02-2024,72.0,Greed
15-02-2024,72.0,Greed
14-02-2024,74.0,Greed
13-02-2024,79.0,Extreme Greed
12-02-2024,70.0,Greed
11-02-2024,71.0,Greed
10-02-2024,74.0,Greed
09-02-2024,72.0,Greed
08-02-2024,66.0,Greed
07-02-2024,62.0,Greed
06-02-2024,64.0,Greed
05-02-2024,60.0,Greed
04-02-2024,60.0,Greed
03-02-2024,60.0,Greed
02-02-2024,63.0,Greed
01-02-2024,63.0,Greed
31-01-2024,60.0,Greed
30-01-2024,61.0,Greed
29-01-2024,55.0,Greed
28-01-2024,54.0,Neutral
27-01-2024,55.0,Greed
26-01-2024,49.0,Neutral
25-01-2024,52.0,Neutral
24-01-2024,48.0,Neutral
23-01-2024,50.0,Neutral
22-01-2024,55.0,Greed
21-01-2024,56.0,Greed
20-01-2024,52.0,Neutral
19-01-2024,51.0,Neutral
18-01-2024,63.0,Greed
17-01-2024,60.0,Greed
16-01-2024,64.0,Greed
15-01-2024,52.0,Neutral
14-01-2024,60.0,Greed
13-01-2024,64.0,Greed
12-01-2024,71.0,Greed
11-01-2024,76.0,Extreme Greed
10-01-2024,73.0,Greed
09-01-2024,76.0,Extreme Greed
08-01-2024,71.0,Greed
07-01-2024,71.0,Greed
06-01-2024,70.0,Greed
05-01-2024,72.0,Greed
04-01-2024,68.0,Greed
03-01-2024,70.0,Greed
02-01-2024,71.0,Greed
01-01-2024,65.0,Greed
31-12-2023,67.0,Greed
30-12-2023,68.0,Greed
29-12-2023,65.0,Greed
28-12-2023,73.0,Greed
27-12-2023,73.0,Greed
26-12-2023,71.0,Greed
25-12-2023,73.0,Greed
24-12-2023,71.0,Greed
23-12-2023,70.0,Greed
22-12-2023,74.0,Greed
21-12-2023,70.0,Greed
20-12-2023,74.0,Greed
19-12-2023,73.0,Greed
18-12-2023,65.0,Greed
17-12-2023,73.0,Greed
16-12-2023,67.0,Greed
15-12-2023,70.0,Greed
14-12-2023,72.0,Greed
13-12-2023,65.0,Greed
12-12-2023,67.0,Greed
11-12-2023,74.0,Greed
10-12-2023,74.0,Greed
09-12-2023,73.0,Greed
08-12-2023,72.0,Greed
07-12-2023,72.0,Greed
06-12-2023,72.0,Greed
05-12-2023,75.0,Greed
04-12-2023,74.0,Greed
03-12-2023,73.0,Greed
02-12-2023,74.0,Greed
01-12-2023,71.0,Greed
30-11-2023,74.0,Greed
29-11-2023,72.0,Greed
28-11-2023,68.0,Greed
27-11-2023,66.0,Greed
26-11-2023,73.0,Greed
25-11-2023,73.0,Greed
24-11-2023,66.0,Greed
23-11-2023,66.0,Greed
22-11-2023,62.0,Greed
21-11-2023,71.0,Greed
20-11-2023,69.0,Greed
19-11-2023,66.0,Greed
18-11-2023,69.0,Greed
17-11-2023,63.0,Greed
16-11-2023,70.0,Greed
15-11-2023,60.0,Greed
14-11-2023,69.0,Greed
13-11-2023,72.0,Greed
12-11-2023,73.0,Greed
11-11-2023,70.0,Greed
10-11-2023,70.0,Greed
09-11-2023,69.0,Greed
08-11-2023,66.0,Greed
07-11-2023,68.0,Greed
06-11-2023,74.0,Greed
05-11-2023,70.0,Greed
04-11-2023,68.0,Greed
03-11-2023,65.0,Greed
02-11-2023,72.0,Greed
01-11-2023,66.0,Greed
31-10-2023,66.0,Greed
30-10-2023,68.0,Greed
29-10-2023,72.0,Greed
28-10-2023,65.0,Greed
27-10-2023,70.0,Greed
26-10-2023,71.0,Greed
25-10-2023,72.0,Greed
24-10-2023,66.0,Greed
23-10-2023,53.0,Neutral
22-10-2023,53.0,Neutral
21-10-2023,63.0,Greed
20-10-2023,53.0,Neutral
19-10-2023,52.0,Neutral
18-10-2023,50.0,Neutral
17-10-2023,52.0,Neutral
16-10-2023,47.0,Neutral
15-10-2023,45.0,Fear
14-10-2023,47.0,Neutral
13-10-2023,44.0,Fear
12-10-2023,45.0,Fear
11-10-2023,47.0,Neutral
10-10-2023,50.0,Neutral
09-10-2023,50.0,Neutral
08-10-2023,50.0,Neutral
07-10-2023,49.0,Neutral
06-10-2023,50.0,Neutral
05-10-2023,48.0,Neutral
04-10-2023,49.0,Neutral
03-10-2023,50.0,Neutral
02-10-2023,50.0,Neutral
01-10-2023,48.0,Neutral
30-09-2023,47.0,Neutral
29-09-2023,48.0,Neutral
28-09-2023,46.0,Fear
27-09-2023,44.0,Fear
26-09-2023,46.0,Fear
25-09-2023,47.0,Neutral
24-09-2023,44.0,Fear
23-09-2023,47.0,Neutral
22-09-2023,43.0,Fear
21-09-2023,47.0,Neutral
20-09-2023,47.0,Neutral
19-09-2023,46.0,Fear
18-09-2023,46.0,Fear
17-09-2023,46.0,Fear
16-09-2023,43.0,Fear
15-09-2023,45.0,Fear
14-09-2023,45.0,Fear
13-09-2023,41.0,Fear
12-09-2023,30.0,Fear
11-09-2023,40.0,Fear
10-09-2023,40.0,Fear
09-09-2023,41.0,Fear
08-09-2023,46.0,Fear
07-09-2023,41.0,Fear
06-09-2023,42.0,Fear
05-09-2023,40.0,Fear
04-09-2023,40.0,Fear
03-09-2023,40.0,Fear
02-09-2023,39.0,Fear
01-09-2023,40.0,Fear
31-08-2023,52.0,Neutral
30-08-2023,49.0,Neutral
29-08-2023,39.0,Fear
28-08-2023,39.0,Fear
27-08-2023,38.0,Fear
26-08-2023,38.0,Fear
25-08-2023,39.0,Fear
24-08-2023,41.0,Fear
23-08-2023,37.0,Fear
22-08-2023,37.0,Fear
21-08-2023,38.0,Fear
20-08-2023,37.0,Fear
19-08-2023,39.0,Fear
18-08-2023,37.0,Fear
17-08-2023,50.0,Neutral
16-08-2023,52.0,Neutral
15-08-2023,53.0,Neutral
14-08-2023,50.0,Neutral
13-08-2023,54.0,Neutral
12-08-2023,54.0,Neutral
11-08-2023,51.0,Neutral
10-08-2023,53.0,Neutral
09-08-2023,50.0,Neutral
08-08-2023,54.0,Neutral
07-08-2023,49.0,Neutral
06-08-2023,49.0,Neutral
05-08-2023,50.0,Neutral
04-08-2023,54.0,Neutral
03-08-2023,52.0,Neutral
02-08-2023,53.0,Neutral
01-08-2023,53.0,Neutral
31-07-2023,50.0,Neutral
30-07-2023,52.0,Neutral
29-07-2023,52.0,Neutral
28-07-2023,52.0,Neutral
27-07-2023,51.0,Neutral
26-07-2023,51.0,Neutral
25-07-2023,50.0,Neutral
24-07-2023,55.0,Greed
23-07-2023,54.0,Neutral
22-07-2023,52.0,Neutral
21-07-2023,50.0,Neutral
20-07-2023,56.0,Greed
19-07-2023,50.0,Neutral
18-07-2023,56.0,Greed
17-07-2023,54.0,Neutral
16-07-2023,57.0,Greed
15-07-2023,56.0,Greed
14-07-2023,60.0,Greed
13-07-2023,57.0,Greed
12-07-2023,64.0,Greed
11-07-2023,57.0,Greed
10-07-2023,56.0,Greed
09-07-2023,55.0,Greed
08-07-2023,58.0,Greed
07-07-2023,55.0,Greed
06-07-2023,56.0,Greed
05-07-2023,61.0,Greed
04-07-2023,64.0,Greed
03-07-2023,62.0,Greed
02-07-2023,63.0,Greed
01-07-2023,59.0,Greed
30-06-2023,56.0,Greed
29-06-2023,54.0,Neutral
28-06-2023,62.0,Greed
27-06-2023,59.0,Greed
26-06-2023,55.0,Greed
25-06-2023,64.0,Greed
24-06-2023,62.0,Greed
23-06-2023,65.0,Greed
22-06-2023,65.0,Greed
21-06-2023,59.0,Greed
20-06-2023,49.0,Neutral
19-06-2023,47.0,Neutral
18-06-2023,49.0,Neutral
17-06-2023,47.0,Neutral
16-06-2023,47.0,Neutral
15-06-2023,41.0,Fear
14-06-2023,46.0,Fear
13-06-2023,45.0,Fear
12-06-2023,47.0,Neutral
11-06-2023,47.0,Neutral
10-06-2023,49.0,Neutral
09-06-2023,50.0,Neutral
08-06-2023,50.0,Neutral
07-06-2023,53.0,Neutral
06-06-2023,44.0,Fear
05-06-2023,53.0,Neutral
04-06-2023,52.0,Neutral
03-06-2023,53.0,Neutral
02-06-2023,50.0,Neutral
01-06-2023,52.0,Neutral
31-05-2023,51.0,Neutral
30-05-2023,51.0,Neutral
29-05-2023,52.0,Neutral
28-05-2023,50.0,Neutral
27-05-2023,48.0,Neutral
26-05-2023,49.0,Neutral
25-05-2023,51.0,Neutral
24-05-2023,50.0,Neutral
23-05-2023,50.0,Neutral
22-05-2023,49.0,Neutral
21-05-2023,52.0,Neutral
20-05-2023,48.0,Neutral
19-05-2023,48.0,Neutral
18-05-2023,51.0,Neutral
17-05-2023,50.0,Neutral
16-05-2023,54.0,Neutral
15-05-2023,50.0,Neutral
14-05-2023,48.0,Neutral
13-05-2023,48.0,Neutral
12-05-2023,49.0,Neutral
11-05-2023,52.0,Neutral
10-05-2023,52.0,Neutral
09-05-2023,51.0,Neutral
08-05-2023,60.0,Greed
07-05-2023,64.0,Greed
06-05-2023,60.0,Greed
05-05-2023,61.0,Greed
04-05-2023,64.0,Greed
03-05-2023,64.0,Greed
02-05-2023,55.0,Greed
01-05-2023,63.0,Greed
30-04-2023,60.0,Greed
29-04-2023,64.0,Greed
28-04-2023,64.0,Greed
27-04-2023,59.0,Greed
26-04-2023,56.0,Greed
25-04-2023,53.0,Neutral
24-04-2023,53.0,Neutral
23-04-2023,56.0,Greed
22-04-2023,53.0,Neutral
21-04-2023,50.0,Neutral
20-04-2023,52.0,Neutral
19-04-2023,63.0,Greed
18-04-2023,58.0,Greed
17-04-2023,69.0,Greed
16-04-2023,68.0,Greed
15-04-2023,68.0,Greed
14-04-2023,68.0,Greed
13-04-2023,61.0,Greed
12-04-2023,65.0,Greed
11-04-2023,68.0,Greed
10-04-2023,62.0,Greed
09-04-2023,61.0,Greed
08-04-2023,61.0,Greed
07-04-2023,64.0,Greed
06-04-2023,63.0,Greed
05-04-2023,62.0,Greed
04-04-2023,62.0,Greed
03-04-2023,63.0,Greed
02-04-2023,63.0,Greed
01-04-2023,61.0,Greed
31-03-2023,63.0,Greed
30-03-2023,60.0,Greed
29-03-2023,57.0,Greed
28-03-2023,59.0,Greed
27-03-2023,64.0,Greed
26-03-2023,64.0,Greed
25-03-2023,64.0,Greed
24-03-2023,61.0,Greed
23-03-2023,57.0,Greed
22-03-2023,62.0,Greed
21-03-2023,68.0,Greed
20-03-2023,66.0,Greed
19-03-2023,63.0,Greed
18-03-2023,64.0,Greed
17-03-2023,51.0,Neutral
16-03-2023,52.0,Neutral
15-03-2023,50.0,Neutral
14-03-2023,56.0,Greed
13-03-2023,49.0,Neutral
12-03-2023,33.0,Fear
11-03-2023,33.0,Fear
10-03-2023,34.0,Fear
09-03-2023,44.0,Fear
08-03-2023,50.0,Neutral
07-03-2023,49.0,Neutral
06-03-2023,48.0,Neutral
05-03-2023,47.0,Neutral
04-03-2023,50.0,Neutral
03-03-2023,50.0,Neutral
02-03-2023,51.0,Neutral
01-03-2023,50.0,Neutral
28-02-2023,53.0,Neutral
27-02-2023,50.0,Neutral
26-02-2023,51.0,Neutral
25-02-2023,52.0,Neutral
24-02-2023,53.0,Neutral
23-02-2023,56.0,Greed
22-02-2023,59.0,Greed
21-02-2023,60.0,Greed
20-02-2023,58.0,Greed
19-02-2023,60.0,Greed
18-02-2023,60.0,Greed
17-02-2023,61.0,Greed
16-02-2023,62.0,Greed
15-02-2023,53.0,Neutral
14-02-2023,50.0,Neutral
13-02-2023,48.0,Neutral
12-02-2023,50.0,Neutral
11-02-2023,49.0,Neutral
10-02-2023,48.0,Neutral
09-02-2023,55.0,Greed
08-02-2023,58.0,Greed
07-02-2023,54.0,Neutral
06-02-2023,56.0,Greed
05-02-2023,58.0,Greed
04-02-2023,58.0,Greed
03-02-2023,60.0,Greed
02-02-2023,60.0,Greed
01-02-2023,56.0,Greed
31-01-2023,51.0,Neutral
30-01-2023,61.0,Greed
29-01-2023,55.0,Greed
28-01-2023,52.0,Neutral
27-01-2023,55.0,Greed
26-01-2023,54.0,Neutral
25-01-2023,51.0,Neutral
24-01-2023,52.0,Neutral
23-01-2023,50.0,Neutral
22-01-2023,53.0,Neutral
21-01-2023,53.0,Neutral
20-01-2023,51.0,Neutral
19-01-2023,45.0,Fear
18-01-2023,52.0,Neutral
17-01-2023,51.0,Neutral
16-01-2023,45.0,Fear
15-01-2023,52.0,Neutral
14-01-2023,46.0,Fear
13-01-2023,31.0,Fear
12-01-2023,30.0,Fear
11-01-2023,26.0,Fear
10-01-2023,26.0,Fear
09-01-2023,25.0,Extreme Fear
08-01-2023,25.0,Extreme Fear
07-01-2023,25.0,Extreme Fear
06-01-2023,26.0,Fear
05-01-2023,29.0,Fear
04-01-2023,29.0,Fear
03-01-2023,26.0,Fear
02-01-2023,27.0,Fear
01-01-2023,26.0,Fear
31-12-2022,25.0,Extreme Fear
30-12-2022,28.0,Fear
29-12-2022,28.0,Fear
28-12-2022,28.0,Fear
27-12-2022,27.0,Fear
26-12-2022,28.0,Fear
25-12-2022,29.0,Fear
24-12-2022,29.0,Fear
23-12-2022,27.0,Fear
22-12-2022,28.0,Fear
21-12-2022,26.0,Fear
20-12-2022,29.0,Fear
19-12-2022,29.0,Fear
18-12-2022,26.0,Fear
17-12-2022,28.0,Fear
16-12-2022,29.0,Fear
15-12-2022,31.0,Fear
14-12-2022,30.0,Fear
13-12-2022,27.0,Fear
12-12-2022,27.0,Fear
11-12-2022,26.0,Fear
10-12-2022,27.0,Fear
09-12-2022,26.0,Fear
08-12-2022,25.0,Extreme Fear
07-12-2022,29.0,Fear
06-12-2022,25.0,Extreme Fear
05-12-2022,26.0,Fear
04-12-2022,26.0,Fear
03-12-2022,27.0,Fear
02-12-2022,27.0,Fear
01-12-2022,27.0,Fear
30-11-2022,29.0,Fear
29-11-2022,26.0,Fear
28-11-2022,28.0,Fear
27-11-2022,26.0,Fear
26-11-2022,22.0,Extreme Fear
25-11-2022,20.0,Extreme Fear
24-11-2022,20.0,Extreme Fear
23-11-2022,22.0,Extreme Fear
22-11-2022,22.0,Extreme Fear
21-11-2022,21.0,Extreme Fear
20-11-2022,24.0,Extreme Fear
19-11-2022,23.0,Extreme Fear
18-11-2022,23.0,Extreme Fear
17-11-2022,20.0,Extreme Fear
16-11-2022,23.0,Extreme Fear
15-11-2022,22.0,Extreme Fear
14-11-2022,24.0,Extreme Fear
13-11-2022,22.0,Extreme Fear
12-11-2022,21.0,Extreme Fear
11-11-2022,25.0,Extreme Fear
10-11-2022,22.0,Extreme Fear
09-11-2022,29.0,Fear
08-11-2022,31.0,Fear
07-11-2022,33.0,Fear
06-11-2022,40.0,Fear
05-11-2022,38.0,Fear
04-11-2022,30.0,Fear
03-11-2022,30.0,Fear
02-11-2022,30.0,Fear
01-11-2022,30.0,Fear
31-10-2022,31.0,Fear
30-10-2022,34.0,Fear
29-10-2022,34.0,Fear
28-10-2022,30.0,Fear
27-10-2022,32.0,Fear
26-10-2022,33.0,Fear
25-10-2022,20.0,Extreme Fear
24-10-2022,22.0,Extreme Fear
23-10-2022,23.0,Extreme Fear
22-10-2022,20.0,Extreme Fear
21-10-2022,23.0,Extreme Fear
20-10-2022,23.0,Extreme Fear
19-10-2022,23.0,Extreme Fear
18-10-2022,22.0,Extreme Fear
17-10-2022,20.0,Extreme Fear
16-10-2022,24.0,Extreme Fear
15-10-2022,24.0,Extreme Fear
14-10-2022,24.0,Extreme Fear
13-10-2022,20.0,Extreme Fear
12-10-2022,20.0,Extreme Fear
11-10-2022,24.0,Extreme Fear
10-10-2022,22.0,Extreme Fear
09-10-2022,22.0,Extreme Fear
08-10-2022,24.0,Extreme Fear
07-10-2022,23.0,Extreme Fear
06-10-2022,26.0,Fear
05-10-2022,25.0,Extreme Fear
04-10-2022,20.0,Extreme Fear
03-10-2022,24.0,Extreme Fear
02-10-2022,24.0,Extreme Fear
01-10-2022,20.0,Extreme Fear
30-09-2022,21.0,Extreme Fear
29-09-2022,22.0,Extreme Fear
28-09-2022,20.0,Extreme Fear
27-09-2022,20.0,Extreme Fear
26-09-2022,21.0,Extreme Fear
25-09-2022,24.0,Extreme Fear
24-09-2022,24.0,Extreme Fear
23-09-2022,20.0,Extreme Fear
22-09-2022,22.0,Extreme Fear
21-09-2022,23.0,Extreme Fear
20-09-2022,23.0,Extreme Fear
19-09-2022,21.0,Extreme Fear
18-09-2022,27.0,Fear
17-09-2022,22.0,Extreme Fear
16-09-2022,20.0,Extreme Fear
15-09-2022,28.0,Fear
14-09-2022,27.0,Fear
13-09-2022,34.0,Fear
12-09-2022,25.0,Extreme Fear
11-09-2022,26.0,Fear
10-09-2022,28.0,Fear
09-09-2022,22.0,Extreme Fear
08-09-2022,20.0,Extreme Fear
07-09-2022,24.0,Extreme Fear
06-09-2022,22.0,Extreme Fear
05-09-2022,23.0,Extreme Fear
04-09-2022,20.0,Extreme Fear
03-09-2022,21.0,Extreme Fear
02-09-2022,25.0,Extreme Fear
01-09-2022,20.0,Extreme Fear
31-08-2022,23.0,Extreme Fear
30-08-2022,27.0,Fear
29-08-2022,24.0,Extreme Fear
28-08-2022,28.0,Fear
27-08-2022,28.0,Fear
26-08-2022,27.0,Fear
25-08-2022,25.0,Extreme Fear
24-08-2022,25.0,Extreme Fear
23-08-2022,28.0,Fear
22-08-2022,29.0,Fear
21-08-2022,27.0,Fear
20-08-2022,29.0,Fear
19-08-2022,33.0,Fear
18-08-2022,30.0,Fear
17-08-2022,41.0,Fear
16-08-2022,44.0,Fear
15-08-2022,45.0,Fear
14-08-2022,47.0,Neutral
13-08-2022,46.0,Fear
12-08-2022,42.0,Fear
11-08-2022,41.0,Fear
10-08-2022,31.0,Fear
09-08-2022,42.0,Fear
08-08-2022,30.0,Fear
07-08-2022,30.0,Fear
06-08-2022,31.0,Fear
05-08-2022,31.0,Fear
04-08-2022,30.0,Fear
03-08-2022,34.0,Fear
02-08-2022,31.0,Fear
01-08-2022,33.0,Fear
31-07-2022,39.0,Fear
30-07-2022,42.0,Fear
29-07-2022,39.0,Fear
28-07-2022,32.0,Fear
27-07-2022,28.0,Fear
26-07-2022,26.0,Fear
25-07-2022,30.0,Fear
24-07-2022,30.0,Fear
23-07-2022,31.0,Fear
22-07-2022,33.0,Fear
21-07-2022,34.0,Fear
20-07-2022,31.0,Fear
19-07-2022,30.0,Fear
18-07-2022,20.0,Extreme Fear
17-07-2022,24.0,Extreme Fear
16-07-2022,21.0,Extreme Fear
15-07-2022,15.0,Extreme Fear
14-07-2022,18.0,Extreme Fear
13-07-2022,15.0,Extreme Fear
12-07-2022,16.0,Extreme Fear
11-07-2022,22.0,Extreme Fear
10-07-2022,24.0,Extreme Fear
09-07-2022,24.0,Extreme Fear
08-07-2022,20.0,Extreme Fear
07-07-2022,18.0,Extreme Fear
06-07-2022,18.0,Extreme Fear
05-07-2022,19.0,Extreme Fear
04-07-2022,14.0,Extreme Fear
03-07-2022,11.0,Extreme Fear
02-07-2022,14.0,Extreme Fear
01-07-2022,11.0,Extreme Fear
30-06-2022,11.0,Extreme Fear
29-06-2022,13.0,Extreme Fear
28-06-2022,10.0,Extreme Fear
27-06-2022,12.0,Extreme Fear
26-06-2022,14.0,Extreme Fear
25-06-2022,14.0,Extreme Fear
24-06-2022,11.0,Extreme Fear
23-06-2022,11.0,Extreme Fear
22-06-2022,11.0,Extreme Fear
21-06-2022,9.0,Extreme Fear
20-06-2022,9.0,Extreme Fear
19-06-2022,6.0,Extreme Fear
18-06-2022,6.0,Extreme Fear
17-06-2022,9.0,Extreme Fear
16-06-2022,7.0,Extreme Fear
15-06-2022,7.0,Extreme Fear
14-06-2022,8.0,Extreme Fear
13-06-2022,11.0,Extreme Fear
12-06-2022,14.0,Extreme Fear
11-06-2022,12.0,Extreme Fear
10-06-2022,13.0,Extreme Fear
09-06-2022,11.0,Extreme Fear
08-06-2022,17.0,Extreme Fear
07-06-2022,15.0,Extreme Fear
06-06-2022,13.0,Extreme Fear
05-06-2022,10.0,Extreme Fear
04-06-2022,14.0,Extreme Fear
03-06-2022,10.0,Extreme Fear
02-06-2022,13.0,Extreme Fear
01-06-2022,17.0,Extreme Fear
31-05-2022,16.0,Extreme Fear
30-05-2022,10.0,Extreme Fear
29-05-2022,14.0,Extreme Fear
28-05-2022,13.0,Extreme Fear
27-05-2022,12.0,Extreme Fear
26-05-2022,12.0,Extreme Fear
25-05-2022,11.0,Extreme Fear
24-05-2022,12.0,Extreme Fear
23-05-2022,10.0,Extreme Fear
22-05-2022,14.0,Extreme Fear
21-05-2022,13.0,Extreme Fear
20-05-2022,13.0,Extreme Fear
19-05-2022,13.0,Extreme Fear
18-05-2022,12.0,Extreme Fear
17-05-2022,8.0,Extreme Fear
16-05-2022,14.0,Extreme Fear
15-05-2022,10.0,Extreme Fear
14-05-2022,9.0,Extreme Fear
13-05-2022,10.0,Extreme Fear
12-05-2022,12.0,Extreme Fear
11-05-2022,12.0,Extreme Fear
10-05-2022,10.0,Extreme Fear
09-05-2022,11.0,Extreme Fear
08-05-2022,18.0,Extreme Fear
07-05-2022,23.0,Extreme Fear
06-05-2022,22.0,Extreme Fear
05-05-2022,27.0,Fear
04-05-2022,21.0,Extreme Fear
03-05-2022,27.0,Fear
02-05-2022,28.0,Fear
01-05-2022,22.0,Extreme Fear
30-04-2022,20.0,Extreme Fear
29-04-2022,23.0,Extreme Fear
28-04-2022,24.0,Extreme Fear
27-04-2022,21.0,Extreme Fear
26-04-2022,27.0,Fear
25-04-2022,23.0,Extreme Fear
24-04-2022,24.0,Extreme Fear
23-04-2022,24.0,Extreme Fear
22-04-2022,26.0,Fear
21-04-2022,27.0,Fear
20-04-2022,27.0,Fear
19-04-2022,27.0,Fear
18-04-2022,24.0,Extreme Fear
17-04-2022,28.0,Fear
16-04-2022,28.0,Fear
15-04-2022,22.0,Extreme Fear
14-04-2022,28.0,Fear
13-04-2022,25.0,Extreme Fear
12-04-2022,20.0,Extreme Fear
11-04-2022,32.0,Fear
10-04-2022,34.0,Fear
09-04-2022,30.0,Fear
08-04-2022,37.0,Fear
07-04-2022,34.0,Fear
06-04-2022,48.0,Neutral
05-04-2022,53.0,Neutral
04-04-2022,52.0,Neutral
03-04-2022,48.0,Neutral
02-04-2022,52.0,Neutral
01-04-2022,50.0,Neutral
31-03-2022,52.0,Neutral
30-03-2022,55.0,Greed
29-03-2022,56.0,Greed
28-03-2022,60.0,Greed
27-03-2022,49.0,Neutral
26-03-2022,51.0,Neutral
25-03-2022,47.0,Neutral
24-03-2022,40.0,Fear
23-03-2022,31.0,Fear
22-03-2022,26.0,Fear
21-03-2022,30.0,Fear
20-03-2022,31.0,Fear
19-03-2022,28.0,Fear
18-03-2022,25.0,Extreme Fear
17-03-2022,27.0,Fear
16-03-2022,24.0,Extreme Fear
15-03-2022,21.0,Extreme Fear
14-03-2022,23.0,Extreme Fear
13-03-2022,21.0,Extreme Fear
12-03-2022,22.0,Extreme Fear
11-03-2022,22.0,Extreme Fear
10-03-2022,28.0,Fear
09-03-2022,22.0,Extreme Fear
08-03-2022,21.0,Extreme Fear
07-03-2022,23.0,Extreme Fear
06-03-2022,22.0,Extreme Fear
05-03-2022,22.0,Extreme Fear
04-03-2022,33.0,Fear
03-03-2022,39.0,Fear
02-03-2022,52.0,Neutral
01-03-2022,51.0,Neutral
28-02-2022,20.0,Extreme Fear
27-02-2022,26.0,Fear
26-02-2022,26.0,Fear
25-02-2022,27.0,Fear
24-02-2022,23.0,Extreme Fear
23-02-2022,25.0,Extreme Fear
22-02-2022,20.0,Extreme Fear
21-02-2022,25.0,Extreme Fear
20-02-2022,27.0,Fear
19-02-2022,25.0,Extreme Fear
18-02-2022,30.0,Fear
17-02-2022,52.0,Neutral
16-02-2022,51.0,Neutral
15-02-2022,46.0,Fear
14-02-2022,46.0,Fear
13-02-2022,44.0,Fear
12-02-2022,44.0,Fear
11-02-2022,50.0,Neutral
10-02-2022,50.0,Neutral
09-02-2022,54.0,Neutral
08-02-2022,48.0,Neutral
07-02-2022,45.0,Fear
06-02-2022,37.0,Fear
05-02-2022,33.0,Fear
04-02-2022,20.0,Extreme Fear
03-02-2022,20.0,Extreme Fear
02-02-2022,28.0,Fear
01-02-2022,26.0,Fear
31-01-2022,20.0,Extreme Fear
30-01-2022,29.0,Fear
29-01-2022,24.0,Extreme Fear
28-01-2022,24.0,Extreme Fear
27-01-2022,20.0,Extreme Fear
26-01-2022,23.0,Extreme Fear
25-01-2022,12.0,Extreme Fear
24-01-2022,13.0,Extreme Fear
23-01-2022,11.0,Extreme Fear
22-01-2022,13.0,Extreme Fear
21-01-2022,19.0,Extreme Fear
20-01-2022,24.0,Extreme Fear
19-01-2022,24.0,Extreme Fear
18-01-2022,24.0,Extreme Fear
17-01-2022,22.0,Extreme Fear
16-01-2022,21.0,Extreme Fear
15-01-2022,23.0,Extreme Fear
14-01-2022,21.0,Extreme Fear
13-01-2022,21.0,Extreme Fear
12-01-2022,22.0,Extreme Fear
11-01-2022,21.0,Extreme Fear
10-01-2022,23.0,Extreme Fear
09-01-2022,23.0,Extreme Fear
08-01-2022,10.0,Extreme Fear
07-01-2022,18.0,Extreme Fear
06-01-2022,15.0,Extreme Fear
05-01-2022,24.0,Extreme Fear
04-01-2022,23.0,Extreme Fear
03-01-2022,29.0,Fear
02-01-2022,29.0,Fear
01-01-2022,21.0,Extreme Fear
31-12-2021,28.0,Fear
30-12-2021,22.0,Extreme Fear
29-12-2021,27.0,Fear
28-12-2021,41.0,Fear
27-12-2021,40.0,Fear
26-12-2021,37.0,Fear
25-12-2021,39.0,Fear
24-12-2021,41.0,Fear
23-12-2021,34.0,Fear
22-12-2021,45.0,Fear
21-12-2021,27.0,Fear
20-12-2021,25.0,Extreme Fear
19-12-2021,29.0,Fear
18-12-2021,24.0,Extreme Fear
17-12-2021,23.0,Extreme Fear
16-12-2021,29.0,Fear
15-12-2021,28.0,Fear
14-12-2021,21.0,Extreme Fear
13-12-2021,28.0,Fear
12-12-2021,27.0,Fear
11-12-2021,16.0,Extreme Fear
10-12-2021,24.0,Extreme Fear
09-12-2021,29.0,Fear
08-12-2021,28.0,Fear
07-12-2021,25.0,Extreme Fear
06-12-2021,16.0,Extreme Fear
05-12-2021,18.0,Extreme Fear
04-12-2021,25.0,Extreme Fear
03-12-2021,31.0,Fear
02-12-2021,32.0,Fear
01-12-2021,34.0,Fear
30-11-2021,40.0,Fear
29-11-2021,33.0,Fear
28-11-2021,27.0,Fear
27-11-2021,21.0,Extreme Fear
26-11-2021,47.0,Neutral
25-11-2021,32.0,Fear
24-11-2021,42.0,Fear
23-11-2021,33.0,Fear
22-11-2021,50.0,Neutral
21-11-2021,49.0,Neutral
20-11-2021,43.0,Fear
19-11-2021,34.0,Fear
18-11-2021,54.0,Neutral
17-11-2021,52.0,Neutral
16-11-2021,71.0,Greed
15-11-2021,72.0,Greed
14-11-2021,74.0,Greed
13-11-2021,72.0,Greed
12-11-2021,74.0,Greed
11-11-2021,77.0,Extreme Greed
10-11-2021,75.0,Greed
09-11-2021,84.0,Extreme Greed
08-11-2021,75.0,Greed
07-11-2021,73.0,Greed
06-11-2021,71.0,Greed
05-11-2021,73.0,Greed
04-11-2021,73.0,Greed
03-11-2021,76.0,Extreme Greed
02-11-2021,73.0,Greed
01-11-2021,74.0,Greed
31-10-2021,74.0,Greed
30-10-2021,73.0,Greed
29-10-2021,70.0,Greed
28-10-2021,66.0,Greed
27-10-2021,73.0,Greed
26-10-2021,76.0,Extreme Greed
25-10-2021,72.0,Greed
24-10-2021,73.0,Greed
23-10-2021,74.0,Greed
22-10-2021,75.0,Greed
21-10-2021,84.0,Extreme Greed
20-10-2021,82.0,Extreme Greed
19-10-2021,75.0,Greed
18-10-2021,78.0,Extreme Greed
17-10-2021,79.0,Extreme Greed
16-10-2021,78.0,Extreme Greed
15-10-2021,71.0,Greed
14-10-2021,70.0,Greed
13-10-2021,70.0,Greed
12-10-2021,78.0,Extreme Greed
11-10-2021,71.0,Greed
10-10-2021,71.0,Greed
09-10-2021,72.0,Greed
08-10-2021,74.0,Greed
07-10-2021,76.0,Extreme Greed
06-10-2021,68.0,Greed
05-10-2021,59.0,Greed
04-10-2021,54.0,Neutral
03-10-2021,49.0,Neutral
02-10-2021,54.0,Neutral
01-10-2021,27.0,Fear
30-09-2021,20.0,Extreme Fear
29-09-2021,24.0,Extreme Fear
28-09-2021,25.0,Extreme Fear
27-09-2021,26.0,Fear
26-09-2021,27.0,Fear
25-09-2021,28.0,Fear
24-09-2021,33.0,Fear
23-09-2021,27.0,Fear
22-09-2021,21.0,Extreme Fear
21-09-2021,27.0,Fear
20-09-2021,50.0,Neutral
19-09-2021,53.0,Neutral
18-09-2021,50.0,Neutral
17-09-2021,48.0,Neutral
16-09-2021,53.0,Neutral
15-09-2021,49.0,Neutral
14-09-2021,30.0,Fear
13-09-2021,44.0,Fear
12-09-2021,32.0,Fear
11-09-2021,31.0,Fear
10-09-2021,46.0,Fear
09-09-2021,45.0,Fear
08-09-2021,47.0,Neutral
07-09-2021,79.0,Extreme Greed
06-09-2021,79.0,Extreme Greed
05-09-2021,73.0,Greed
04-09-2021,72.0,Greed
03-09-2021,74.0,Greed
02-09-2021,74.0,Greed
01-09-2021,71.0,Greed
31-08-2021,73.0,Greed
30-08-2021,73.0,Greed
29-08-2021,72.0,Greed
28-08-2021,78.0,Extreme Greed
27-08-2021,71.0,Greed
26-08-2021,75.0,Greed
25-08-2021,73.0,Greed
24-08-2021,79.0,Extreme Greed
23-08-2021,79.0,Extreme Greed
22-08-2021,76.0,Extreme Greed
21-08-2021,78.0,Extreme Greed
20-08-2021,70.0,Greed
19-08-2021,70.0,Greed
18-08-2021,73.0,Greed
17-08-2021,72.0,Greed
16-08-2021,72.0,Greed
15-08-2021,71.0,Greed
14-08-2021,76.0,Extreme Greed
13-08-2021,70.0,Greed
12-08-2021,70.0,Greed
11-08-2021,70.0,Greed
10-08-2021,71.0,Greed
09-08-2021,65.0,Greed
08-08-2021,74.0,Greed
07-08-2021,69.0,Greed
06-08-2021,52.0,Neutral
05-08-2021,50.0,Neutral
04-08-2021,42.0,Fear
03-08-2021,48.0,Neutral
02-08-2021,48.0,Neutral
01-08-2021,60.0,Greed
31-07-2021,60.0,Greed
30-07-2021,53.0,Neutral
29-07-2021,50.0,Neutral
28-07-2021,50.0,Neutral
27-07-2021,32.0,Fear
26-07-2021,26.0,Fear
25-07-2021,27.0,Fear
24-07-2021,22.0,Extreme Fear
23-07-2021,23.0,Extreme Fear
22-07-2021,21.0,Extreme Fear
21-07-2021,10.0,Extreme Fear
20-07-2021,19.0,Extreme Fear
19-07-2021,24.0,Extreme Fear
18-07-2021,19.0,Extreme Fear
17-07-2021,15.0,Extreme Fear
16-07-2021,22.0,Extreme Fear
15-07-2021,20.0,Extreme Fear
14-07-2021,21.0,Extreme Fear
13-07-2021,20.0,Extreme Fear
12-07-2021,25.0,Extreme Fear
11-07-2021,20.0,Extreme Fear
10-07-2021,20.0,Extreme Fear
09-07-2021,20.0,Extreme Fear
08-07-2021,20.0,Extreme Fear
07-07-2021,28.0,Fear
06-07-2021,20.0,Extreme Fear
05-07-2021,29.0,Fear
04-07-2021,27.0,Fear
03-07-2021,24.0,Extreme Fear
02-07-2021,21.0,Extreme Fear
01-07-2021,28.0,Fear
30-06-2021,28.0,Fear
29-06-2021,25.0,Extreme Fear
28-06-2021,25.0,Extreme Fear
27-06-2021,22.0,Extreme Fear
26-06-2021,20.0,Extreme Fear
25-06-2021,27.0,Fear
24-06-2021,22.0,Extreme Fear
23-06-2021,14.0,Extreme Fear
22-06-2021,10.0,Extreme Fear
21-06-2021,23.0,Extreme Fear
20-06-2021,21.0,Extreme Fear
19-06-2021,23.0,Extreme Fear
18-06-2021,25.0,Extreme Fear
17-06-2021,26.0,Fear
16-06-2021,33.0,Fear
15-06-2021,38.0,Fear
14-06-2021,28.0,Fear
13-06-2021,23.0,Extreme Fear
12-06-2021,28.0,Fear
11-06-2021,21.0,Extreme Fear
10-06-2021,21.0,Extreme Fear
09-06-2021,14.0,Extreme Fear
08-06-2021,13.0,Extreme Fear
07-06-2021,15.0,Extreme Fear
06-06-2021,17.0,Extreme Fear
05-06-2021,24.0,Extreme Fear
04-06-2021,27.0,Fear
03-06-2021,24.0,Extreme Fear
02-06-2021,23.0,Extreme Fear
01-06-2021,20.0,Extreme Fear
31-05-2021,18.0,Extreme Fear
30-05-2021,10.0,Extreme Fear
29-05-2021,18.0,Extreme Fear
28-05-2021,21.0,Extreme Fear
27-05-2021,27.0,Fear
26-05-2021,22.0,Extreme Fear
25-05-2021,22.0,Extreme Fear
24-05-2021,10.0,Extreme Fear
23-05-2021,14.0,Extreme Fear
22-05-2021,12.0,Extreme Fear
21-05-2021,19.0,Extreme Fear
20-05-2021,11.0,Extreme Fear
19-05-2021,23.0,Extreme Fear
18-05-2021,21.0,Extreme Fear
17-05-2021,27.0,Fear
16-05-2021,20.0,Extreme Fear
15-05-2021,27.0,Fear
14-05-2021,26.0,Fear
13-05-2021,31.0,Fear
12-05-2021,68.0,Greed
11-05-2021,61.0,Greed
10-05-2021,72.0,Greed
09-05-2021,73.0,Greed
08-05-2021,67.0,Greed
07-05-2021,64.0,Greed
06-05-2021,65.0,Greed
05-05-2021,48.0,Neutral
04-05-2021,68.0,Greed
03-05-2021,61.0,Greed
02-05-2021,66.0,Greed
01-05-2021,68.0,Greed
30-04-2021,51.0,Neutral
29-04-2021,52.0,Neutral
28-04-2021,59.0,Greed
27-04-2021,50.0,Neutral
26-04-2021,27.0,Fear
25-04-2021,31.0,Fear
24-04-2021,37.0,Fear
23-04-2021,55.0,Greed
22-04-2021,65.0,Greed
21-04-2021,73.0,Greed
20-04-2021,73.0,Greed
19-04-2021,74.0,Greed
18-04-2021,79.0,Extreme Greed
17-04-2021,76.0,Extreme Greed
16-04-2021,78.0,Extreme Greed
15-04-2021,79.0,Extreme Greed
14-04-2021,75.0,Greed
13-04-2021,74.0,Greed
12-04-2021,74.0,Greed
11-04-2021,76.0,Extreme Greed
10-04-2021,70.0,Greed
09-04-2021,70.0,Greed
08-04-2021,73.0,Greed
07-04-2021,72.0,Greed
06-04-2021,75.0,Greed
05-04-2021,71.0,Greed
04-04-2021,74.0,Greed
03-04-2021,73.0,Greed
02-04-2021,74.0,Greed
01-04-2021,74.0,Greed
31-03-2021,76.0,Extreme Greed
30-03-2021,72.0,Greed
29-03-2021,72.0,Greed
28-03-2021,74.0,Greed
27-03-2021,65.0,Greed
26-03-2021,54.0,Neutral
25-03-2021,60.0,Greed
24-03-2021,65.0,Greed
23-03-2021,66.0,Greed
22-03-2021,70.0,Greed
21-03-2021,73.0,Greed
20-03-2021,75.0,Greed
19-03-2021,71.0,Greed
18-03-2021,72.0,Greed
17-03-2021,71.0,Greed
16-03-2021,71.0,Greed
15-03-2021,76.0,Extreme Greed
14-03-2021,78.0,Extreme Greed
13-03-2021,74.0,Greed
12-03-2021,70.0,Greed
11-03-2021,73.0,Greed
10-03-2021,68.0,Greed
09-03-2021,81.0,Extreme Greed
08-03-2021,81.0,Extreme Greed
07-03-2021,76.0,Extreme Greed
06-03-2021,77.0,Extreme Greed
05-03-2021,77.0,Extreme Greed
04-03-2021,84.0,Extreme Greed
03-03-2021,78.0,Extreme Greed
02-03-2021,78.0,Extreme Greed
01-03-2021,38.0,Fear
28-02-2021,55.0,Greed
27-02-2021,56.0,Greed
26-02-2021,55.0,Greed
25-02-2021,79.0,Extreme Greed
24-02-2021,76.0,Extreme Greed
23-02-2021,94.0,Extreme Greed
22-02-2021,94.0,Extreme Greed
21-02-2021,91.0,Extreme Greed
20-02-2021,91.0,Extreme Greed
19-02-2021,93.0,Extreme Greed
18-02-2021,91.0,Extreme Greed
17-02-2021,95.0,Extreme Greed
16-02-2021,95.0,Extreme Greed
15-02-2021,93.0,Extreme Greed
14-02-2021,95.0,Extreme Greed
13-02-2021,92.0,Extreme Greed
12-02-2021,92.0,Extreme Greed
11-02-2021,93.0,Extreme Greed
10-02-2021,92.0,Extreme Greed
09-02-2021,95.0,Extreme Greed
08-02-2021,83.0,Extreme Greed
07-02-2021,86.0,Extreme Greed
06-02-2021,84.0,Extreme Greed
05-02-2021,81.0,Extreme Greed
04-02-2021,80.0,Extreme Greed
03-02-2021,78.0,Extreme Greed
02-02-2021,76.0,Extreme Greed
01-02-2021,77.0,Extreme Greed
31-01-2021,78.0,Extreme Greed
30-01-2021,76.0,Extreme Greed
29-01-2021,77.0,Extreme Greed
28-01-2021,55.0,Greed
27-01-2021,78.0,Extreme Greed
26-01-2021,71.0,Greed
25-01-2021,74.0,Greed
24-01-2021,70.0,Greed
23-01-2021,74.0,Greed
22-01-2021,40.0,Fear
21-01-2021,75.0,Greed
20-01-2021,78.0,Extreme Greed
19-01-2021,80.0,Extreme Greed
18-01-2021,79.0,Extreme Greed
17-01-2021,79.0,Extreme Greed
16-01-2021,84.0,Extreme Greed
15-01-2021,88.0,Extreme Greed
14-01-2021,83.0,Extreme Greed
13-01-2021,78.0,Extreme Greed
12-01-2021,84.0,Extreme Greed
11-01-2021,90.0,Extreme Greed
10-01-2021,94.0,Extreme Greed
09-01-2021,93.0,Extreme Greed
08-01-2021,93.0,Extreme Greed
07-01-2021,91.0,Extreme Greed
06-01-2021,95.0,Extreme Greed
05-01-2021,93.0,Extreme Greed
04-01-2021,94.0,Extreme Greed
03-01-2021,93.0,Extreme Greed
02-01-2021,94.0,Extreme Greed
01-01-2021,94.0,Extreme Greed
31-12-2020,95.0,Extreme Greed
30-12-2020,91.0,Extreme Greed
29-12-2020,91.0,Extreme Greed
28-12-2020,92.0,Extreme Greed
27-12-2020,91.0,Extreme Greed
26-12-2020,93.0,Extreme Greed
25-12-2020,94.0,Extreme Greed
24-12-2020,86.0,Extreme Greed
23-12-2020,93.0,Extreme Greed
22-12-2020,88.0,Extreme Greed
21-12-2020,92.0,Extreme Greed
20-12-2020,92.0,Extreme Greed
19-12-2020,93.0,Extreme Greed
18-12-2020,95.0,Extreme Greed
17-12-2020,92.0,Extreme Greed
16-12-2020,92.0,Extreme Greed
15-12-2020,91.0,Extreme Greed
14-12-2020,95.0,Extreme Greed
13-12-2020,91.0,Extreme Greed
12-12-2020,90.0,Extreme Greed
11-12-2020,89.0,Extreme Greed
10-12-2020,94.0,Extreme Greed
09-12-2020,86.0,Extreme Greed
08-12-2020,95.0,Extreme Greed
07-12-2020,94.0,Extreme Greed
06-12-2020,95.0,Extreme Greed
05-12-2020,93.0,Extreme Greed
04-12-2020,92.0,Extreme Greed
03-12-2020,92.0,Extreme Greed
02-12-2020,92.0,Extreme Greed
01-12-2020,95.0,Extreme Greed
30-11-2020,88.0,Extreme Greed
29-11-2020,89.0,Extreme Greed
28-11-2020,87.0,Extreme Greed
27-11-2020,86.0,Extreme Greed
26-11-2020,93.0,Extreme Greed
25-11-2020,94.0,Extreme Greed
24-11-2020,88.0,Extreme Greed
23-11-2020,90.0,Extreme Greed
22-11-2020,94.0,Extreme Greed
21-11-2020,91.0,Extreme Greed
20-11-2020,86.0,Extreme Greed
19-11-2020,94.0,Extreme Greed
18-11-2020,91.0,Extreme Greed
17-11-2020,86.0,Extreme Greed
16-11-2020,90.0,Extreme Greed
15-11-2020,86.0,Extreme Greed
14-11-2020,90.0,Extreme Greed
13-11-2020,89.0,Extreme Greed
12-11-2020,87.0,Extreme Greed
11-11-2020,86.0,Extreme Greed
10-11-2020,90.0,Extreme Greed
09-11-2020,90.0,Extreme Greed
08-11-2020,82.0,Extreme Greed
07-11-2020,88.0,Extreme Greed
06-11-2020,90.0,Extreme Greed
05-11-2020,72.0,Greed
04-11-2020,74.0,Greed
03-11-2020,71.0,Greed
02-11-2020,71.0,Greed
01-11-2020,72.0,Greed
31-10-2020,73.0,Greed
30-10-2020,74.0,Greed
29-10-2020,67.0,Greed
28-10-2020,70.0,Greed
27-10-2020,61.0,Greed
26-10-2020,75.0,Greed
25-10-2020,76.0,Extreme Greed
24-10-2020,73.0,Greed
23-10-2020,74.0,Greed
22-10-2020,73.0,Greed
21-10-2020,61.0,Greed
20-10-2020,56.0,Greed
19-10-2020,55.0,Greed
18-10-2020,55.0,Greed
17-10-2020,56.0,Greed
16-10-2020,52.0,Neutral
15-10-2020,56.0,Greed
14-10-2020,53.0,Neutral
13-10-2020,56.0,Greed
12-10-2020,52.0,Neutral
11-10-2020,55.0,Greed
10-10-2020,53.0,Neutral
09-10-2020,48.0,Neutral
08-10-2020,46.0,Fear
07-10-2020,43.0,Fear
06-10-2020,47.0,Neutral
05-10-2020,42.0,Fear
04-10-2020,42.0,Fear
03-10-2020,40.0,Fear
02-10-2020,41.0,Fear
01-10-2020,45.0,Fear
30-09-2020,49.0,Neutral
29-09-2020,45.0,Fear
28-09-2020,43.0,Fear
27-09-2020,47.0,Neutral
26-09-2020,45.0,Fear
25-09-2020,46.0,Fear
24-09-2020,39.0,Fear
23-09-2020,43.0,Fear
22-09-2020,39.0,Fear
21-09-2020,48.0,Neutral
20-09-2020,52.0,Neutral
19-09-2020,48.0,Neutral
18-09-2020,49.0,Neutral
17-09-2020,48.0,Neutral
16-09-2020,43.0,Fear
15-09-2020,47.0,Neutral
14-09-2020,39.0,Fear
13-09-2020,38.0,Fear
12-09-2020,41.0,Fear
11-09-2020,41.0,Fear
10-09-2020,38.0,Fear
09-09-2020,38.0,Fear
08-09-2020,41.0,Fear
07-09-2020,41.0,Fear
06-09-2020,41.0,Fear
05-09-2020,41.0,Fear
04-09-2020,40.0,Fear
03-09-2020,79.0,Extreme Greed
02-09-2020,83.0,Extreme Greed
01-09-2020,75.0,Greed
31-08-2020,75.0,Greed
30-08-2020,75.0,Greed
29-08-2020,79.0,Extreme Greed
28-08-2020,74.0,Greed
27-08-2020,75.0,Greed
26-08-2020,76.0,Extreme Greed
25-08-2020,75.0,Greed
24-08-2020,78.0,Extreme Greed
23-08-2020,76.0,Extreme Greed
22-08-2020,78.0,Extreme Greed
21-08-2020,81.0,Extreme Greed
20-08-2020,75.0,Greed
19-08-2020,80.0,Extreme Greed
18-08-2020,82.0,Extreme Greed
17-08-2020,83.0,Extreme Greed
16-08-2020,82.0,Extreme Greed
15-08-2020,79.0,Extreme Greed
14-08-2020,78.0,Extreme Greed
13-08-2020,75.0,Greed
12-08-2020,75.0,Greed
11-08-2020,84.0,Extreme Greed
10-08-2020,78.0,Extreme Greed
09-08-2020,79.0,Extreme Greed
08-08-2020,77.0,Extreme Greed
07-08-2020,77.0,Extreme Greed
06-08-2020,79.0,Extreme Greed
05-08-2020,75.0,Greed
04-08-2020,72.0,Greed
03-08-2020,75.0,Greed
02-08-2020,80.0,Extreme Greed
01-08-2020,75.0,Greed
31-07-2020,75.0,Greed
30-07-2020,76.0,Extreme Greed
29-07-2020,71.0,Greed
28-07-2020,76.0,Extreme Greed
27-07-2020,58.0,Greed
26-07-2020,55.0,Greed
25-07-2020,55.0,Greed
24-07-2020,53.0,Neutral
23-07-2020,55.0,Greed
22-07-2020,50.0,Neutral
21-07-2020,44.0,Fear
20-07-2020,44.0,Fear
19-07-2020,41.0,Fear
18-07-2020,44.0,Fear
17-07-2020,41.0,Fear
16-07-2020,43.0,Fear
15-07-2020,44.0,Fear
14-07-2020,43.0,Fear
13-07-2020,43.0,Fear
12-07-2020,41.0,Fear
11-07-2020,44.0,Fear
10-07-2020,41.0,Fear
09-07-2020,44.0,Fear
08-07-2020,44.0,Fear
07-07-2020,43.0,Fear
06-07-2020,40.0,Fear
05-07-2020,38.0,Fear
04-07-2020,40.0,Fear
03-07-2020,41.0,Fear
02-07-2020,42.0,Fear
01-07-2020,42.0,Fear
30-06-2020,44.0,Fear
29-06-2020,41.0,Fear
28-06-2020,40.0,Fear
27-06-2020,43.0,Fear
26-06-2020,40.0,Fear
25-06-2020,43.0,Fear
24-06-2020,50.0,Neutral
23-06-2020,41.0,Fear
22-06-2020,38.0,Fear
21-06-2020,37.0,Fear
20-06-2020,38.0,Fear
19-06-2020,39.0,Fear
18-06-2020,40.0,Fear
17-06-2020,38.0,Fear
16-06-2020,39.0,Fear
15-06-2020,37.0,Fear
14-06-2020,40.0,Fear
13-06-2020,38.0,Fear
12-06-2020,38.0,Fear
11-06-2020,52.0,Neutral
10-06-2020,54.0,Neutral
09-06-2020,52.0,Neutral
08-06-2020,53.0,Neutral
07-06-2020,54.0,Neutral
06-06-2020,54.0,Neutral
05-06-2020,53.0,Neutral
04-06-2020,54.0,Neutral
03-06-2020,48.0,Neutral
02-06-2020,56.0,Greed
01-06-2020,50.0,Neutral
31-05-2020,51.0,Neutral
30-05-2020,48.0,Neutral
29-05-2020,48.0,Neutral
28-05-2020,41.0,Fear
27-05-2020,39.0,Fear
26-05-2020,39.0,Fear
25-05-2020,41.0,Fear
24-05-2020,43.0,Fear
23-05-2020,40.0,Fear
22-05-2020,42.0,Fear
21-05-2020,49.0,Neutral
20-05-2020,52.0,Neutral
19-05-2020,50.0,Neutral
18-05-2020,50.0,Neutral
17-05-2020,40.0,Fear
16-05-2020,41.0,Fear
15-05-2020,44.0,Fear
14-05-2020,40.0,Fear
13-05-2020,41.0,Fear
12-05-2020,39.0,Fear
11-05-2020,40.0,Fear
10-05-2020,48.0,Neutral
09-05-2020,56.0,Greed
08-05-2020,55.0,Greed
07-05-2020,49.0,Neutral
06-05-2020,42.0,Fear
05-05-2020,40.0,Fear
04-05-2020,44.0,Fear
03-05-2020,45.0,Fear
02-05-2020,40.0,Fear
01-05-2020,40.0,Fear
30-04-2020,44.0,Fear
29-04-2020,26.0,Fear
28-04-2020,26.0,Fear
27-04-2020,28.0,Fear
26-04-2020,21.0,Extreme Fear
25-04-2020,24.0,Extreme Fear
24-04-2020,20.0,Extreme Fear
23-04-2020,19.0,Extreme Fear
22-04-2020,19.0,Extreme Fear
21-04-2020,17.0,Extreme Fear
20-04-2020,15.0,Extreme Fear
19-04-2020,16.0,Extreme Fear
18-04-2020,18.0,Extreme Fear
17-04-2020,15.0,Extreme Fear
16-04-2020,13.0,Extreme Fear
15-04-2020,18.0,Extreme Fear
14-04-2020,15.0,Extreme Fear
13-04-2020,11.0,Extreme Fear
12-04-2020,10.0,Extreme Fear
11-04-2020,15.0,Extreme Fear
10-04-2020,15.0,Extreme Fear
09-04-2020,22.0,Extreme Fear
08-04-2020,21.0,Extreme Fear
07-04-2020,20.0,Extreme Fear
06-04-2020,12.0,Extreme Fear
05-04-2020,12.0,Extreme Fear
04-04-2020,12.0,Extreme Fear
03-04-2020,14.0,Extreme Fear
02-04-2020,14.0,Extreme Fear
01-04-2020,12.0,Extreme Fear
31-03-2020,12.0,Extreme Fear
30-03-2020,10.0,Extreme Fear
29-03-2020,12.0,Extreme Fear
28-03-2020,8.0,Extreme Fear
27-03-2020,12.0,Extreme Fear
26-03-2020,14.0,Extreme Fear
25-03-2020,13.0,Extreme Fear
24-03-2020,12.0,Extreme Fear
23-03-2020,10.0,Extreme Fear
22-03-2020,11.0,Extreme Fear
21-03-2020,9.0,Extreme Fear
20-03-2020,9.0,Extreme Fear
19-03-2020,12.0,Extreme Fear
18-03-2020,11.0,Extreme Fear
17-03-2020,8.0,Extreme Fear
16-03-2020,9.0,Extreme Fear
15-03-2020,12.0,Extreme Fear
14-03-2020,8.0,Extreme Fear
13-03-2020,10.0,Extreme Fear
12-03-2020,14.0,Extreme Fear
11-03-2020,17.0,Extreme Fear
10-03-2020,16.0,Extreme Fear
09-03-2020,17.0,Extreme Fear
08-03-2020,33.0,Fear
07-03-2020,38.0,Fear
06-03-2020,39.0,Fear
05-03-2020,41.0,Fear
04-03-2020,40.0,Fear
03-03-2020,38.0,Fear
02-03-2020,38.0,Fear
01-03-2020,39.0,Fear
29-02-2020,38.0,Fear
28-02-2020,40.0,Fear
27-02-2020,39.0,Fear
26-02-2020,41.0,Fear
25-02-2020,44.0,Fear
24-02-2020,46.0,Fear
23-02-2020,46.0,Fear
22-02-2020,43.0,Fear
21-02-2020,44.0,Fear
20-02-2020,44.0,Fear
19-02-2020,50.0,Neutral
18-02-2020,53.0,Neutral
17-02-2020,49.0,Neutral
16-02-2020,59.0,Greed
15-02-2020,64.0,Greed
14-02-2020,63.0,Greed
13-02-2020,65.0,Greed
12-02-2020,61.0,Greed
11-02-2020,52.0,Neutral
10-02-2020,57.0,Greed
09-02-2020,56.0,Greed
08-02-2020,56.0,Greed
07-02-2020,56.0,Greed
06-02-2020,61.0,Greed
05-02-2020,53.0,Neutral
04-02-2020,56.0,Greed
03-02-2020,59.0,Greed
02-02-2020,57.0,Greed
01-02-2020,57.0,Greed
31-01-2020,55.0,Greed
30-01-2020,57.0,Greed
29-01-2020,57.0,Greed
28-01-2020,54.0,Neutral
27-01-2020,50.0,Neutral
26-01-2020,42.0,Fear
25-01-2020,41.0,Fear
24-01-2020,40.0,Fear
23-01-2020,49.0,Neutral
22-01-2020,52.0,Neutral
21-01-2020,49.0,Neutral
20-01-2020,48.0,Neutral
19-01-2020,53.0,Neutral
18-01-2020,51.0,Neutral
17-01-2020,54.0,Neutral
16-01-2020,55.0,Greed
15-01-2020,54.0,Neutral
14-01-2020,56.0,Greed
13-01-2020,49.0,Neutral
12-01-2020,45.0,Fear
11-01-2020,50.0,Neutral
10-01-2020,41.0,Fear
09-01-2020,44.0,Fear
08-01-2020,51.0,Neutral
07-01-2020,40.0,Fear
06-01-2020,41.0,Fear
05-01-2020,39.0,Fear
04-01-2020,38.0,Fear
03-01-2020,38.0,Fear
02-01-2020,39.0,Fear
01-01-2020,37.0,Fear
31-12-2019,38.0,Fear
30-12-2019,40.0,Fear
29-12-2019,37.0,Fear
28-12-2019,37.0,Fear
27-12-2019,38.0,Fear
26-12-2019,39.0,Fear
25-12-2019,22.0,Extreme Fear
24-12-2019,25.0,Extreme Fear
23-12-2019,33.0,Fear
22-12-2019,20.0,Extreme Fear
21-12-2019,23.0,Extreme Fear
20-12-2019,23.0,Extreme Fear
19-12-2019,21.0,Extreme Fear
18-12-2019,15.0,Extreme Fear
17-12-2019,23.0,Extreme Fear
16-12-2019,24.0,Extreme Fear
15-12-2019,21.0,Extreme Fear
14-12-2019,27.0,Fear
13-12-2019,22.0,Extreme Fear
12-12-2019,23.0,Extreme Fear
11-12-2019,20.0,Extreme Fear
10-12-2019,26.0,Fear
09-12-2019,32.0,Fear
08-12-2019,28.0,Fear
07-12-2019,32.0,Fear
06-12-2019,29.0,Fear
05-12-2019,21.0,Extreme Fear
04-12-2019,24.0,Extreme Fear
03-12-2019,28.0,Fear
02-12-2019,28.0,Fear
01-12-2019,25.0,Extreme Fear
30-11-2019,38.0,Fear
29-11-2019,31.0,Fear
28-11-2019,32.0,Fear
27-11-2019,20.0,Extreme Fear
26-11-2019,21.0,Extreme Fear
25-11-2019,17.0,Extreme Fear
24-11-2019,21.0,Extreme Fear
23-11-2019,23.0,Extreme Fear
22-11-2019,20.0,Extreme Fear
21-11-2019,30.0,Fear
20-11-2019,32.0,Fear
19-11-2019,32.0,Fear
18-11-2019,38.0,Fear
17-11-2019,38.0,Fear
16-11-2019,41.0,Fear
15-11-2019,38.0,Fear
14-11-2019,41.0,Fear
13-11-2019,38.0,Fear
12-11-2019,39.0,Fear
11-11-2019,40.0,Fear
10-11-2019,39.0,Fear
09-11-2019,38.0,Fear
08-11-2019,42.0,Fear
07-11-2019,54.0,Neutral
06-11-2019,53.0,Neutral
05-11-2019,54.0,Neutral
04-11-2019,49.0,Neutral
03-11-2019,56.0,Greed
02-11-2019,51.0,Neutral
01-11-2019,49.0,Neutral
31-10-2019,50.0,Neutral
30-10-2019,53.0,Neutral
29-10-2019,54.0,Neutral
28-10-2019,52.0,Neutral
27-10-2019,50.0,Neutral
26-10-2019,53.0,Neutral
25-10-2019,24.0,Extreme Fear
24-10-2019,20.0,Extreme Fear
23-10-2019,33.0,Fear
22-10-2019,39.0,Fear
21-10-2019,37.0,Fear
20-10-2019,37.0,Fear
19-10-2019,41.0,Fear
18-10-2019,40.0,Fear
17-10-2019,40.0,Fear
16-10-2019,40.0,Fear
15-10-2019,39.0,Fear
14-10-2019,37.0,Fear
13-10-2019,38.0,Fear
12-10-2019,38.0,Fear
11-10-2019,39.0,Fear
10-10-2019,41.0,Fear
09-10-2019,37.0,Fear
08-10-2019,39.0,Fear
07-10-2019,27.0,Fear
06-10-2019,32.0,Fear
05-10-2019,31.0,Fear
04-10-2019,30.0,Fear
03-10-2019,37.0,Fear
02-10-2019,39.0,Fear
01-10-2019,38.0,Fear
30-09-2019,27.0,Fear
29-09-2019,33.0,Fear
28-09-2019,32.0,Fear
27-09-2019,24.0,Extreme Fear
26-09-2019,12.0,Extreme Fear
25-09-2019,15.0,Extreme Fear
24-09-2019,39.0,Fear
23-09-2019,41.0,Fear
22-09-2019,37.0,Fear
21-09-2019,37.0,Fear
20-09-2019,41.0,Fear
19-09-2019,31.0,Fear
18-09-2019,38.0,Fear
17-09-2019,41.0,Fear
16-09-2019,38.0,Fear
15-09-2019,38.0,Fear
14-09-2019,39.0,Fear
13-09-2019,38.0,Fear
12-09-2019,39.0,Fear
11-09-2019,38.0,Fear
10-09-2019,41.0,Fear
09-09-2019,41.0,Fear
08-09-2019,43.0,Fear
07-09-2019,39.0,Fear
06-09-2019,43.0,Fear
05-09-2019,41.0,Fear
04-09-2019,43.0,Fear
03-09-2019,41.0,Fear
02-09-2019,28.0,Fear
01-09-2019,24.0,Extreme Fear
31-08-2019,20.0,Extreme Fear
30-08-2019,24.0,Extreme Fear
29-08-2019,20.0,Extreme Fear
28-08-2019,32.0,Fear
27-08-2019,30.0,Fear
26-08-2019,41.0,Fear
25-08-2019,33.0,Fear
24-08-2019,39.0,Fear
23-08-2019,33.0,Fear
22-08-2019,5.0,Extreme Fear
21-08-2019,11.0,Extreme Fear
20-08-2019,39.0,Fear
19-08-2019,30.0,Fear
18-08-2019,14.0,Extreme Fear
17-08-2019,20.0,Extreme Fear
16-08-2019,31.0,Fear
15-08-2019,13.0,Extreme Fear
14-08-2019,11.0,Extreme Fear
13-08-2019,45.0,Fear
12-08-2019,48.0,Neutral
11-08-2019,45.0,Fear
10-08-2019,59.0,Greed
09-08-2019,60.0,Greed
08-08-2019,61.0,Greed
07-08-2019,45.0,Fear
06-08-2019,66.0,Greed
05-08-2019,64.0,Greed
04-08-2019,62.0,Greed
03-08-2019,61.0,Greed
02-08-2019,61.0,Greed
01-08-2019,57.0,Greed
31-07-2019,31.0,Fear
30-07-2019,22.0,Extreme Fear
29-07-2019,19.0,Extreme Fear
28-07-2019,16.0,Extreme Fear
27-07-2019,47.0,Neutral
26-07-2019,24.0,Extreme Fear
25-07-2019,42.0,Fear
24-07-2019,20.0,Extreme Fear
23-07-2019,40.0,Fear
22-07-2019,42.0,Fear
21-07-2019,42.0,Fear
20-07-2019,34.0,Fear
19-07-2019,42.0,Fear
18-07-2019,40.0,Fear
17-07-2019,19.0,Extreme Fear
16-07-2019,34.0,Fear
15-07-2019,16.0,Extreme Fear
14-07-2019,61.0,Greed
13-07-2019,65.0,Greed
12-07-2019,33.0,Fear
11-07-2019,62.0,Greed
10-07-2019,83.0,Extreme Greed
09-07-2019,84.0,Extreme Greed
08-07-2019,74.0,Greed
07-07-2019,67.0,Greed
06-07-2019,72.0,Greed
05-07-2019,67.0,Greed
04-07-2019,76.0,Extreme Greed
03-07-2019,79.0,Extreme Greed
02-07-2019,63.0,Greed
01-07-2019,65.0,Greed
30-06-2019,78.0,Extreme Greed
29-06-2019,74.0,Greed
28-06-2019,62.0,Greed
27-06-2019,92.0,Extreme Greed
26-06-2019,95.0,Extreme Greed
25-06-2019,87.0,Extreme Greed
24-06-2019,80.0,Extreme Greed
23-06-2019,84.0,Extreme Greed
22-06-2019,83.0,Extreme Greed
21-06-2019,84.0,Extreme Greed
20-06-2019,81.0,Extreme Greed
19-06-2019,82.0,Extreme Greed
18-06-2019,83.0,Extreme Greed
17-06-2019,84.0,Extreme Greed
16-06-2019,80.0,Extreme Greed
15-06-2019,75.0,Greed
14-06-2019,67.0,Greed
13-06-2019,63.0,Greed
12-06-2019,60.0,Greed
11-06-2019,61.0,Greed
10-06-2019,46.0,Fear
09-06-2019,62.0,Greed
08-06-2019,62.0,Greed
07-06-2019,27.0,Fear
06-06-2019,34.0,Fear
05-06-2019,27.0,Fear
04-06-2019,42.0,Fear
03-06-2019,66.0,Greed
02-06-2019,63.0,Greed
01-06-2019,62.0,Greed
31-05-2019,61.0,Greed
30-05-2019,73.0,Greed
29-05-2019,71.0,Greed
28-05-2019,71.0,Greed
27-05-2019,70.0,Greed
26-05-2019,67.0,Greed
25-05-2019,69.0,Greed
24-05-2019,64.0,Greed
23-05-2019,65.0,Greed
22-05-2019,69.0,Greed
21-05-2019,68.0,Greed
20-05-2019,73.0,Greed
19-05-2019,70.0,Greed
18-05-2019,67.0,Greed
17-05-2019,65.0,Greed
16-05-2019,75.0,Greed
15-05-2019,77.0,Extreme Greed
14-05-2019,78.0,Extreme Greed
13-05-2019,78.0,Extreme Greed
12-05-2019,75.0,Greed
11-05-2019,76.0,Extreme Greed
10-05-2019,71.0,Greed
09-05-2019,69.0,Greed
08-05-2019,63.0,Greed
07-05-2019,69.0,Greed
06-05-2019,57.0,Greed
05-05-2019,67.0,Greed
04-05-2019,66.0,Greed
03-05-2019,63.0,Greed
02-05-2019,50.0,Neutral
01-05-2019,51.0,Neutral
30-04-2019,42.0,Fear
29-04-2019,42.0,Fear
28-04-2019,40.0,Fear
27-04-2019,42.0,Fear
26-04-2019,41.0,Fear
25-04-2019,58.0,Greed
24-04-2019,65.0,Greed
23-04-2019,68.0,Greed
22-04-2019,61.0,Greed
21-04-2019,62.0,Greed
20-04-2019,62.0,Greed
19-04-2019,61.0,Greed
18-04-2019,64.0,Greed
17-04-2019,61.0,Greed
16-04-2019,50.0,Neutral
15-04-2019,60.0,Greed
14-04-2019,51.0,Neutral
13-04-2019,62.0,Greed
12-04-2019,42.0,Fear
11-04-2019,65.0,Greed
10-04-2019,62.0,Greed
09-04-2019,64.0,Greed
08-04-2019,65.0,Greed
07-04-2019,69.0,Greed
06-04-2019,65.0,Greed
05-04-2019,59.0,Greed
04-04-2019,61.0,Greed
03-04-2019,71.0,Greed
02-04-2019,60.0,Greed
01-04-2019,62.0,Greed
31-03-2019,56.0,Greed
30-03-2019,57.0,Greed
29-03-2019,50.0,Neutral
28-03-2019,49.0,Neutral
27-03-2019,44.0,Fear
26-03-2019,43.0,Fear
25-03-2019,46.0,Fear
24-03-2019,44.0,Fear
23-03-2019,50.0,Neutral
22-03-2019,56.0,Greed
21-03-2019,62.0,Greed
20-03-2019,55.0,Greed
19-03-2019,56.0,Greed
18-03-2019,56.0,Greed
17-03-2019,58.0,Greed
16-03-2019,54.0,Neutral
15-03-2019,55.0,Greed
14-03-2019,55.0,Greed
13-03-2019,54.0,Neutral
12-03-2019,56.0,Greed
11-03-2019,56.0,Greed
10-03-2019,55.0,Greed
09-03-2019,55.0,Greed
08-03-2019,54.0,Neutral
07-03-2019,56.0,Greed
06-03-2019,42.0,Fear
05-03-2019,35.0,Fear
04-03-2019,36.0,Fear
03-03-2019,44.0,Fear
02-03-2019,41.0,Fear
01-03-2019,42.0,Fear
28-02-2019,39.0,Fear
27-02-2019,39.0,Fear
26-02-2019,40.0,Fear
25-02-2019,47.0,Neutral
24-02-2019,69.0,Greed
23-02-2019,63.0,Greed
22-02-2019,61.0,Greed
21-02-2019,59.0,Greed
20-02-2019,59.0,Greed
19-02-2019,65.0,Greed
18-02-2019,63.0,Greed
17-02-2019,38.0,Fear
16-02-2019,43.0,Fear
15-02-2019,43.0,Fear
14-02-2019,48.0,Neutral
13-02-2019,48.0,Neutral
12-02-2019,38.0,Fear
11-02-2019,46.0,Fear
10-02-2019,40.0,Fear
09-02-2019,42.0,Fear
08-02-2019,37.0,Fear
07-02-2019,18.0,Extreme Fear
06-02-2019,14.0,Extreme Fear
05-02-2019,21.0,Extreme Fear
04-02-2019,27.0,Fear
03-02-2019,19.0,Extreme Fear
02-02-2019,22.0,Extreme Fear
01-02-2019,23.0,Extreme Fear
31-01-2019,17.0,Extreme Fear
30-01-2019,22.0,Extreme Fear
29-01-2019,21.0,Extreme Fear
28-01-2019,35.0,Fear
27-01-2019,39.0,Fear
26-01-2019,41.0,Fear
25-01-2019,35.0,Fear
24-01-2019,37.0,Fear
23-01-2019,33.0,Fear
22-01-2019,27.0,Fear
21-01-2019,30.0,Fear
20-01-2019,35.0,Fear
19-01-2019,31.0,Fear
18-01-2019,29.0,Fear
17-01-2019,28.0,Fear
16-01-2019,24.0,Extreme Fear
15-01-2019,27.0,Fear
14-01-2019,16.0,Extreme Fear
13-01-2019,21.0,Extreme Fear
12-01-2019,22.0,Extreme Fear
11-01-2019,19.0,Extreme Fear
10-01-2019,37.0,Fear
09-01-2019,42.0,Fear
08-01-2019,39.0,Fear
07-01-2019,39.0,Fear
06-01-2019,31.0,Fear
05-01-2019,36.0,Fear
04-01-2019,48.0,Neutral
03-01-2019,33.0,Fear
02-01-2019,30.0,Fear
01-01-2019,24.0,Extreme Fear
31-12-2018,26.0,Fear
30-12-2018,23.0,Extreme Fear
29-12-2018,24.0,Extreme Fear
28-12-2018,21.0,Extreme Fear
27-12-2018,29.0,Fear
26-12-2018,26.0,Fear
25-12-2018,33.0,Fear
24-12-2018,25.0,Extreme Fear
23-12-2018,31.0,Fear
22-12-2018,28.0,Fear
21-12-2018,35.0,Fear
20-12-2018,27.0,Fear
19-12-2018,21.0,Extreme Fear
18-12-2018,23.0,Extreme Fear
17-12-2018,17.0,Extreme Fear
16-12-2018,13.0,Extreme Fear
15-12-2018,11.0,Extreme Fear
14-12-2018,10.0,Extreme Fear
13-12-2018,14.0,Extreme Fear
12-12-2018,14.0,Extreme Fear
11-12-2018,15.0,Extreme Fear
10-12-2018,19.0,Extreme Fear
09-12-2018,14.0,Extreme Fear
08-12-2018,11.0,Extreme Fear
07-12-2018,11.0,Extreme Fear
06-12-2018,13.0,Extreme Fear
05-12-2018,19.0,Extreme Fear
04-12-2018,12.0,Extreme Fear
03-12-2018,17.0,Extreme Fear
02-12-2018,15.0,Extreme Fear
01-12-2018,13.0,Extreme Fear
30-11-2018,19.0,Extreme Fear
29-11-2018,18.0,Extreme Fear
28-11-2018,14.0,Extreme Fear
27-11-2018,11.0,Extreme Fear
26-11-2018,17.0,Extreme Fear
25-11-2018,9.0,Extreme Fear
24-11-2018,15.0,Extreme Fear
23-11-2018,12.0,Extreme Fear
22-11-2018,14.0,Extreme Fear
21-11-2018,15.0,Extreme Fear
20-11-2018,21.0,Extreme Fear
19-11-2018,28.0,Fear
18-11-2018,26.0,Fear
17-11-2018,24.0,Extreme Fear
16-11-2018,23.0,Extreme Fear
15-11-2018,28.0,Fear
14-11-2018,49.0,Neutral
13-11-2018,56.0,Greed
12-11-2018,52.0,Neutral
11-11-2018,54.0,Neutral
10-11-2018,52.0,Neutral
09-11-2018,47.0,Neutral
08-11-2018,51.0,Neutral
07-11-2018,48.0,Neutral
06-11-2018,42.0,Fear
05-11-2018,42.0,Fear
04-11-2018,41.0,Fear
03-11-2018,36.0,Fear
02-11-2018,36.0,Fear
01-11-2018,29.0,Fear
31-10-2018,32.0,Fear
30-10-2018,31.0,Fear
29-10-2018,34.0,Fear
28-10-2018,35.0,Fear
27-10-2018,33.0,Fear
26-10-2018,29.0,Fear
25-10-2018,25.0,Extreme Fear
24-10-2018,23.0,Extreme Fear
23-10-2018,24.0,Extreme Fear
22-10-2018,27.0,Fear
21-10-2018,21.0,Extreme Fear
20-10-2018,21.0,Extreme Fear
19-10-2018,24.0,Extreme Fear
18-10-2018,26.0,Fear
17-10-2018,23.0,Extreme Fear
16-10-2018,24.0,Extreme Fear
15-10-2018,20.0,Extreme Fear
14-10-2018,18.0,Extreme Fear
13-10-2018,15.0,Extreme Fear
12-10-2018,13.0,Extreme Fear
11-10-2018,19.0,Extreme Fear
10-10-2018,28.0,Fear
09-10-2018,31.0,Fear
08-10-2018,26.0,Fear
07-10-2018,29.0,Fear
06-10-2018,34.0,Fear
05-10-2018,37.0,Fear
04-10-2018,29.0,Fear
03-10-2018,36.0,Fear
02-10-2018,33.0,Fear
01-10-2018,35.0,Fear
30-09-2018,34.0,Fear
29-09-2018,37.0,Fear
28-09-2018,42.0,Fear
27-09-2018,42.0,Fear
26-09-2018,37.0,Fear
25-09-2018,37.0,Fear
24-09-2018,43.0,Fear
23-09-2018,38.0,Fear
22-09-2018,35.0,Fear
21-09-2018,31.0,Fear
20-09-2018,24.0,Extreme Fear
19-09-2018,24.0,Extreme Fear
18-09-2018,21.0,Extreme Fear
17-09-2018,25.0,Extreme Fear
16-09-2018,28.0,Fear
15-09-2018,24.0,Extreme Fear
14-09-2018,23.0,Extreme Fear
13-09-2018,20.0,Extreme Fear
12-09-2018,14.0,Extreme Fear
11-09-2018,18.0,Extreme Fear
10-09-2018,15.0,Extreme Fear
09-09-2018,13.0,Extreme Fear
08-09-2018,18.0,Extreme Fear
07-09-2018,17.0,Extreme Fear
06-09-2018,14.0,Extreme Fear
05-09-2018,17.0,Extreme Fear
04-09-2018,26.0,Fear
03-09-2018,19.0,Extreme Fear
02-09-2018,18.0,Extreme Fear
01-09-2018,21.0,Extreme Fear
31-08-2018,17.0,Extreme Fear
30-08-2018,22.0,Extreme Fear
29-08-2018,19.0,Extreme Fear
28-08-2018,19.0,Extreme Fear
27-08-2018,18.0,Extreme Fear
26-08-2018,19.0,Extreme Fear
25-08-2018,22.0,Extreme Fear
24-08-2018,19.0,Extreme Fear
23-08-2018,18.0,Extreme Fear
22-08-2018,21.0,Extreme Fear
21-08-2018,19.0,Extreme Fear
20-08-2018,26.0,Fear
19-08-2018,27.0,Fear
18-08-2018,24.0,Extreme Fear
17-08-2018,19.0,Extreme Fear
16-08-2018,21.0,Extreme Fear
15-08-2018,18.0,Extreme Fear
14-08-2018,16.0,Extreme Fear
13-08-2018,21.0,Extreme Fear
12-08-2018,18.0,Extreme Fear
11-08-2018,18.0,Extreme Fear
10-08-2018,21.0,Extreme Fear
09-08-2018,19.0,Extreme Fear
08-08-2018,23.0,Extreme Fear
07-08-2018,25.0,Extreme Fear
06-08-2018,25.0,Extreme Fear
05-08-2018,23.0,Extreme Fear
04-08-2018,31.0,Fear
03-08-2018,36.0,Fear
02-08-2018,39.0,Fear
01-08-2018,39.0,Fear
31-07-2018,48.0,Neutral
30-07-2018,53.0,Neutral
29-07-2018,54.0,Neutral
28-07-2018,54.0,Neutral
27-07-2018,47.0,Neutral
26-07-2018,53.0,Neutral
25-07-2018,54.0,Neutral
24-07-2018,49.0,Neutral
23-07-2018,44.0,Fear
22-07-2018,46.0,Fear
21-07-2018,43.0,Fear
20-07-2018,47.0,Neutral
19-07-2018,44.0,Fear
18-07-2018,42.0,Fear
17-07-2018,39.0,Fear
16-07-2018,36.0,Fear
15-07-2018,32.0,Fear
14-07-2018,29.0,Fear
13-07-2018,29.0,Fear
12-07-2018,33.0,Fear
11-07-2018,29.0,Fear
10-07-2018,37.0,Fear
09-07-2018,39.0,Fear
08-07-2018,38.0,Fear
07-07-2018,34.0,Fear
06-07-2018,34.0,Fear
05-07-2018,37.0,Fear
04-07-2018,33.0,Fear
03-07-2018,31.0,Fear
02-07-2018,27.0,Fear
01-07-2018,27.0,Fear
30-06-2018,22.0,Extreme Fear
29-06-2018,16.0,Extreme Fear
28-06-2018,20.0,Extreme Fear
27-06-2018,18.0,Extreme Fear
26-06-2018,21.0,Extreme Fear
25-06-2018,16.0,Extreme Fear
24-06-2018,15.0,Extreme Fear
23-06-2018,17.0,Extreme Fear
22-06-2018,28.0,Fear
21-06-2018,37.0,Fear
20-06-2018,34.0,Fear
19-06-2018,32.0,Fear
18-06-2018,27.0,Fear
17-06-2018,23.0,Extreme Fear
16-06-2018,22.0,Extreme Fear
15-06-2018,26.0,Fear
14-06-2018,17.0,Extreme Fear
13-06-2018,19.0,Extreme Fear
12-06-2018,19.0,Extreme Fear
11-06-2018,15.0,Extreme Fear
10-06-2018,24.0,Extreme Fear
09-06-2018,39.0,Fear
08-06-2018,40.0,Fear
07-06-2018,38.0,Fear
06-06-2018,42.0,Fear
05-06-2018,26.0,Fear
04-06-2018,41.0,Fear
03-06-2018,40.0,Fear
02-06-2018,27.0,Fear
01-06-2018,24.0,Extreme Fear
31-05-2018,25.0,Extreme Fear
30-05-2018,38.0,Fear
29-05-2018,16.0,Extreme Fear
28-05-2018,22.0,Extreme Fear
27-05-2018,19.0,Extreme Fear
26-05-2018,23.0,Extreme Fear
25-05-2018,25.0,Extreme Fear
24-05-2018,27.0,Fear
23-05-2018,26.0,Fear
22-05-2018,30.0,Fear
21-05-2018,41.0,Fear
20-05-2018,32.0,Fear
19-05-2018,31.0,Fear
18-05-2018,37.0,Fear
17-05-2018,31.0,Fear
16-05-2018,32.0,Fear
15-05-2018,40.0,Fear
14-05-2018,40.0,Fear
13-05-2018,40.0,Fear
12-05-2018,44.0,Fear
11-05-2018,41.0,Fear
10-05-2018,63.0,Greed
09-05-2018,53.0,Neutral
08-05-2018,62.0,Greed
07-05-2018,56.0,Greed
06-05-2018,67.0,Greed
05-05-2018,63.0,Greed
04-05-2018,56.0,Greed
03-05-2018,55.0,Greed
02-05-2018,52.0,Neutral
01-05-2018,56.0,Greed
30-04-2018,59.0,Greed
29-04-2018,61.0,Greed
28-04-2018,54.0,Neutral
27-04-2018,55.0,Greed
26-04-2018,47.0,Neutral
25-04-2018,64.0,Greed
24-04-2018,29.0,Fear
23-04-2018,28.0,Fear
22-04-2018,31.0,Fear
21-04-2018,32.0,Fear
20-04-2018,26.0,Fear
19-04-2018,25.0,Extreme Fear
18-04-2018,24.0,Extreme Fear
17-04-2018,26.0,Fear
13-04-2018,23.0,Extreme Fear
12-04-2018,18.0,Extreme Fear
11-04-2018,20.0,Extreme Fear
10-04-2018,18.0,Extreme Fear
09-04-2018,21.0,Extreme Fear
08-04-2018,17.0,Extreme Fear
07-04-2018,20.0,Extreme Fear
06-04-2018,19.0,Extreme Fear
05-04-2018,17.0,Extreme Fear
04-04-2018,22.0,Extreme Fear
03-04-2018,22.0,Extreme Fear
02-04-2018,11.0,Extreme Fear
01-04-2018,16.0,Extreme Fear
31-03-2018,16.0,Extreme Fear
30-03-2018,12.0,Extreme Fear
29-03-2018,18.0,Extreme Fear
28-03-2018,24.0,Extreme Fear
27-03-2018,24.0,Extreme Fear
26-03-2018,31.0,Fear
25-03-2018,30.0,Fear
24-03-2018,32.0,Fear
23-03-2018,28.0,Fear
22-03-2018,36.0,Fear
21-03-2018,36.0,Fear
20-03-2018,37.0,Fear
19-03-2018,29.0,Fear
18-03-2018,29.0,Fear
17-03-2018,31.0,Fear
16-03-2018,33.0,Fear
15-03-2018,32.0,Fear
14-03-2018,40.0,Fear
13-03-2018,41.0,Fear
12-03-2018,41.0,Fear
11-03-2018,40.0,Fear
10-03-2018,39.0,Fear
09-03-2018,37.0,Fear
08-03-2018,39.0,Fear
07-03-2018,37.0,Fear
06-03-2018,59.0,Greed
05-03-2018,55.0,Greed
04-03-2018,44.0,Fear
03-03-2018,56.0,Greed
02-03-2018,47.0,Neutral
01-03-2018,38.0,Fear
28-02-2018,41.0,Fear
27-02-2018,44.0,Fear
26-02-2018,37.0,Fear
25-02-2018,33.0,Fear
24-02-2018,31.0,Fear
23-02-2018,39.0,Fear
22-02-2018,44.0,Fear
21-02-2018,54.0,Neutral
20-02-2018,74.0,Greed
19-02-2018,67.0,Greed
18-02-2018,63.0,Greed
17-02-2018,74.0,Greed
16-02-2018,67.0,Greed
15-02-2018,71.0,Greed
14-02-2018,55.0,Greed
13-02-2018,35.0,Fear
12-02-2018,42.0,Fear
11-02-2018,31.0,Fear
10-02-2018,54.0,Neutral
09-02-2018,44.0,Fear
08-02-2018,30.0,Fear
07-02-2018,36.0,Fear
06-02-2018,8.0,Extreme Fear
05-02-2018,11.0,Extreme Fear
04-02-2018,24.0,Extreme Fear
03-02-2018,40.0,Fear
02-02-2018,15.0,Extreme Fear
01-02-2018,30.0,Fear
